seg_id,time_to_failure
seg_00030f,4.086136547608706
seg_0012b5,5.588666983028027
seg_00184e,5.381807046626164
seg_003339,7.871559415950491
seg_0042cc,6.444221160182197
seg_004314,1.9490706231396513
seg_004cd2,7.455067959047969
seg_004ee5,4.70612949779264
seg_004f1f,4.476017933319766
seg_00648a,2.306460294234308
seg_006e4a,3.7472258113960635
seg_007a37,4.5369350984065795
seg_00a37e,2.8973795129294118
seg_00be11,2.6234180107740475
seg_00c35b,8.083547064372256
seg_00cc91,3.1763117005360217
seg_00e5f7,6.1907040236836455
seg_00f3b9,2.9082744564105902
seg_010eab,6.94058847174112
seg_0125d9,5.090008000946437
seg_0144cb,4.619396661876269
seg_0165c6,8.171487476589487
seg_016913,3.4834491684359112
seg_016cdb,4.120878665858085
seg_017314,6.966751146247776
seg_01a8dc,4.017600781169146
seg_01c775,8.878783506611962
seg_01ecb0,3.348598598694682
seg_02042f,2.562515084924344
seg_025e78,5.80646803727592
seg_032822,3.219997484325053
seg_0339ca,5.022960283839426
seg_037461,3.161801990767158
seg_038879,8.142974709758382
seg_03d386,2.178434625442915
seg_03d63e,3.269045973447164
seg_03d680,7.76508604666657
seg_03f380,3.0000838812342745
seg_0445d7,5.878947111197533
seg_046c28,2.8692740960016634
seg_0488a1,8.0381418525523
seg_049957,9.140045595669939
seg_04a696,7.276413384712882
seg_04ae38,5.264131691042528
seg_04b87a,6.920024162069672
seg_04cceb,7.118422652599497
seg_04ee93,7.144109779700185
seg_04fd93,7.204268670263796
seg_0536c9,2.59831530685339
seg_055127,5.73886417124931
seg_05a1b0,3.603316484574939
seg_05a4ad,7.118749500653936
seg_05b66a,9.012262913915306
seg_05bef4,2.9686092642964934
seg_05e0d7,4.049260114864616
seg_05f126,8.254634658307339
seg_05f9d6,7.7228233198226475
seg_060ce4,3.1696111360075077
seg_061a33,7.077409833350211
seg_0620e6,7.684646479945758
seg_063865,5.773179594280982
seg_065588,3.7139490388859375
seg_06893f,2.9164199732759837
seg_06b8c9,4.961762463245168
seg_06bbc5,3.297187383117266
seg_06d4a2,3.559269567567729
seg_06d7ba,3.0456926714526027
seg_070bb0,2.454925935671086
seg_071067,2.7561005443260065
seg_073696,8.615806915301674
seg_075340,3.8848750787122297
seg_075f77,3.3047083534358297
seg_0775a7,2.700347561480613
seg_077b7e,4.921133546112865
seg_079e34,3.0056451965882354
seg_07c815,3.2205406966625945
seg_07cd72,4.901759534154715
seg_07f37c,2.970833773148463
seg_07f8df,3.4630028892100935
seg_07fc6d,7.101193518701128
seg_086a61,8.101442489631042
seg_0870ab,4.3994862302641655
seg_0879a8,8.81926128102589
seg_08b136,7.1929074467746945
seg_08f441,3.4569650689260594
seg_08fd5b,5.1833325738499205
seg_091c9d,8.35028456733186
seg_093a0a,7.2307864859164965
seg_0968f1,6.933475198655581
seg_0981f3,2.8753255768666137
seg_09dd59,6.776040407620931
seg_09ed4e,9.346943113204393
seg_09f0ff,3.7324495917235607
seg_0a0fbb,8.981077912775051
seg_0a1bd0,5.533258766889657
seg_0a42ba,8.72007653572731
seg_0a45a1,2.6456506516384937
seg_0a97c4,5.023791207311751
seg_0aa0fb,7.165495283789031
seg_0b07c7,6.334591720707398
seg_0b082e,8.859155898996173
seg_0b32f7,4.082677751556769
seg_0b3b94,5.06681850049494
seg_0b48c4,3.138377313557173
seg_0b4b24,2.9086765841127606
seg_0b54ac,3.347748564298716
seg_0b76f5,8.957076333850843
seg_0b9ad8,8.165271304801811
seg_0b9ba3,8.883911324907258
seg_0ba210,9.273627171398806
seg_0ba585,4.071356846467686
seg_0bb5fd,4.580099753723014
seg_0bc877,3.1885943311581264
seg_0be6ee,2.955662578154251
seg_0c12cc,7.315329726898278
seg_0c1d3a,3.195574184166781
seg_0c247b,7.872098998295533
seg_0c3943,2.9552894054013756
seg_0c4e31,2.462182043188833
seg_0c74cf,2.650707517525784
seg_0c8502,8.728991798795999
seg_0c89ce,6.744094953563489
seg_0c9aa8,8.660348460789962
seg_0cb81b,3.0141688282956838
seg_0cca14,3.1731578399618523
seg_0cdcc8,2.2643728174354014
seg_0cf651,2.230785658340897
seg_0d0250,3.3458122841019162
seg_0d04b9,4.389472021333935
seg_0d13a7,4.028874374759681
seg_0d434c,9.131911089854082
seg_0d540e,2.490044355845141
seg_0d663a,7.62428399286449
seg_0d6d68,5.173390773410669
seg_0d762e,6.330374373522727
seg_0d833c,6.895534955166313
seg_0dae4b,3.481324603442008
seg_0dc38f,2.015573061113285
seg_0dcc40,6.44179509269612
seg_0df469,3.876960016338635
seg_0df75c,9.600706093044026
seg_0dfe8c,4.457117438449635
seg_0e1370,2.527075147831156
seg_0e1fbe,4.219510330628833
seg_0e3739,4.148681224138083
seg_0e3d44,2.5653842344966673
seg_0e3ed2,2.411279342797502
seg_0e4833,9.382707198255494
seg_0e7cc5,6.855936467065329
seg_0e8b79,9.053694321542796
seg_0e9987,4.522916628849953
seg_0e9bb3,6.174895560171357
seg_0eb333,2.648913655027051
seg_0ebfd9,5.959135323106523
seg_0f565c,3.3951949593364636
seg_0f74a3,6.181957873967591
seg_0f8961,9.186877254711991
seg_0fc67a,9.321598262625384
seg_0fca83,2.4266804881454775
seg_0fd3ff,2.8184210138754953
seg_1010ad,7.016576078184282
seg_103b32,4.662624292068735
seg_105cd9,2.554085726293442
seg_1084af,5.51338145973197
seg_10a595,5.256682181486758
seg_10c09d,8.533114750151052
seg_10f3a6,2.547687132044112
seg_112b81,6.82877423703494
seg_1144bc,8.938241768754981
seg_114b79,5.347056645917914
seg_115617,2.897623627131766
seg_115a92,2.9722714010445137
seg_11647f,2.8517792196317306
seg_117278,4.861015345890038
seg_117ff4,3.683856215122757
seg_11860f,5.783579961686087
seg_1201e8,3.665393528606363
seg_121446,7.09595655730642
seg_121cba,2.6145357431569716
seg_122ba9,3.047847002547459
seg_123dd4,8.100301921990098
seg_12ac20,8.816710802093253
seg_12b9ba,7.317809296932714
seg_12ee6e,3.632715410169392
seg_130e17,2.67578299096316
seg_13468a,4.5332802245150345
seg_136285,5.70364862576103
seg_136695,7.174023111476796
seg_137f8a,7.531780441771854
seg_138807,4.416310067957714
seg_13c2f0,3.701390184110561
seg_13e25f,6.384196954796739
seg_140bc5,2.7700867237286904
seg_141f34,9.140466429169056
seg_146926,9.20267186248333
seg_148698,6.820342290519011
seg_14ad27,2.623936119377376
seg_14c054,8.366076729364993
seg_14c371,7.187037291238325
seg_14c435,3.0808252182279445
seg_14c89d,4.637056494500285
seg_14c8ce,6.708689276478154
seg_14d1d3,4.93801119348933
seg_14f5f0,7.967013047056545
seg_151368,8.511367873946345
seg_151d92,3.404603083236283
seg_153d6a,9.303464185726328
seg_154361,7.62545269755268
seg_1562cb,9.011253704280287
seg_158691,4.141894315634647
seg_158764,7.485604189110815
seg_15adff,3.2250945796098955
seg_15bf25,7.810809497060022
seg_15c9f9,2.5509244023018525
seg_161aeb,6.884921256872482
seg_161f5f,3.7307741167185684
seg_162fc4,7.124514870835707
seg_16566c,4.710594408379969
seg_166f70,8.962701908198028
seg_168d1c,7.829296801938313
seg_16a270,6.482242882722571
seg_16c3a7,3.39871303485087
seg_17067e,4.337463285746319
seg_170684,7.7106941594301635
seg_170a0c,8.510885951201974
seg_176542,6.871513210901278
seg_17799c,7.79597726941454
seg_179d90,7.827216913985523
seg_17adc0,4.971599396143134
seg_17d1ff,3.478350293849329
seg_17e596,7.636717252785793
seg_180481,5.4269700337138636
seg_18096a,6.84721527872745
seg_1815fe,7.411071769095397
seg_1827c5,8.944466424396031
seg_184222,3.962116933753371
seg_185ad6,7.838189195234921
seg_18d1d0,2.3495539101885807
seg_18d307,2.2892897122136233
seg_18f633,2.4789589975222923
seg_18f853,4.613813283410281
seg_18fb65,2.2869183471895242
seg_193404,8.881390683229371
seg_19515c,5.728099129960319
seg_195eda,5.207208406113424
seg_1969c8,7.2418802500389745
seg_19b08e,3.6264480988292855
seg_19b9dd,7.040792946522947
seg_19e1ff,6.360539525674617
seg_19ec5c,9.330820877495674
seg_1a0e94,8.466209427787904
seg_1a0eca,5.341718559898089
seg_1a671a,3.810326002760164
seg_1a791c,5.402409564402616
seg_1a8e06,2.625708321755951
seg_1a8f0d,3.227288724368508
seg_1a8f2c,8.55719304816161
seg_1abcaf,2.593387586911903
seg_1ac9e2,4.530030692036814
seg_1ae362,7.865055758797477
seg_1afa29,3.289412277510406
seg_1b08a4,5.386612993904935
seg_1b1ad8,5.411865109925775
seg_1b2298,8.329608727101023
seg_1b78af,4.245896220342838
seg_1baf33,3.5766882319759445
seg_1bd38e,7.897341945951629
seg_1bf7b3,2.8358234319563986
seg_1c401b,7.3890169586435235
seg_1c4c5b,5.225034870604377
seg_1c4e72,4.618022760946797
seg_1c849d,4.958752622324516
seg_1c904f,2.9636892858317703
seg_1c929e,3.3111192278033297
seg_1cb942,9.490798013821877
seg_1cd352,5.154009205320864
seg_1cf1b5,2.7235304978190507
seg_1d044c,4.561423484320949
seg_1d11e5,3.245125051633402
seg_1d596d,4.091706313496015
seg_1d980f,3.13133050362734
seg_1da819,2.76163049085744
seg_1db443,6.423705620635648
seg_1db8e8,9.17069141372402
seg_1dec9c,9.412408885058412
seg_1e0523,3.2345562907314016
seg_1e0b82,8.584011737875233
seg_1e572b,7.658387368619925
seg_1e617a,3.264752271414993
seg_1e61d6,2.4102879900369722
seg_1e677e,4.955080645911962
seg_1eae76,5.0091369126193275
seg_1ebe6b,2.6596441743874064
seg_1ece48,3.0666221933560998
seg_1eeb8f,3.7100779265067594
seg_1ef708,3.430435663022801
seg_1f1e60,8.350875990411883
seg_1f3d44,6.7955314295718985
seg_1f3ede,2.899492980930033
seg_1f5240,3.2122081555822923
seg_1f7cf8,3.584976865251409
seg_1f9aed,5.803982857793239
seg_1fa983,2.991932194575474
seg_1fc7ab,6.72915947836667
seg_1fe311,9.112561225091744
seg_2005a7,5.112274518565298
seg_2018c8,9.11044078366838
seg_204dc6,3.396035890024344
seg_208ba5,2.981244509150251
seg_2099f4,6.495162363763297
seg_20a990,3.6709490522345547
seg_20b8d0,5.652419091054924
seg_20cbac,3.6640735294007434
seg_20cc25,2.0954333729287375
seg_20d9de,8.664124081973902
seg_20e9ad,4.040336888744981
seg_210388,5.485447452770591
seg_211299,7.006024683118164
seg_211486,8.627127300520417
seg_214492,3.1330300459607425
seg_217eed,2.451321189944331
seg_218049,2.6318413605239934
seg_21eebb,3.361944169265038
seg_21faa9,9.21995938906699
seg_222c5f,2.8641405982862156
seg_225320,8.96161519581371
seg_226e60,8.604725551681257
seg_229eda,7.263469122194331
seg_22e509,3.6107530644244727
seg_2313d1,4.622410380789643
seg_232559,7.860177767977161
seg_23323e,2.958845426868091
seg_2367fb,7.307448516921588
seg_238242,7.001375381156779
seg_2383c2,6.579881635647187
seg_2396a2,2.980331385301893
seg_23b123,9.307001099768199
seg_23bdf9,6.203751551940932
seg_23c947,2.4982876618221894
seg_23efb0,5.2870274827795765
seg_23f823,3.24721973472122
seg_23fe27,8.175293997100274
seg_241266,3.1817355525267885
seg_24157a,5.881460935191959
seg_24458d,5.80332936657741
seg_2465ce,5.717568110629109
seg_247262,4.958622690254
seg_24ba8d,4.495389667746948
seg_24c078,7.726856749543663
seg_24c1c9,3.9888226876964397
seg_24e071,2.871202398977355
seg_24f338,2.86352649265758
seg_257b8a,7.148227900629626
seg_2597af,4.0141846578133284
seg_259c63,4.7230949163448335
seg_259d65,3.030483050926501
seg_259dd3,8.647439542270838
seg_25aa9f,9.452375045563878
seg_25ab3f,4.285470989255025
seg_25b38a,7.783600250187727
seg_25c8dc,7.2515872805899315
seg_25cca7,8.210817176140573
seg_25e76d,2.6304502348368994
seg_26049e,7.756668435223839
seg_263deb,3.1178881593556516
seg_263fb3,2.4940502587075493
seg_2642d0,3.676078001133096
seg_2642d4,6.25494176703349
seg_264c7d,7.816231676198142
seg_266805,3.61718144568246
seg_266c6e,4.953065760893082
seg_266d4e,5.419000780543813
seg_268249,5.858294233544034
seg_268625,3.2957261498836914
seg_268956,4.012296387430494
seg_26a2a0,1.6156897270627464
seg_26cba3,3.7244821695918158
seg_26edaa,8.625411905844404
seg_2700bd,3.611778170854919
seg_272a47,2.1390607007225713
seg_274a1a,5.53821739354128
seg_2774c4,9.688763558699382
seg_279725,9.021203732440393
seg_27a282,5.572186776800072
seg_27b7c8,7.425561195916679
seg_27db4d,7.777033141733275
seg_27de37,7.260703764251541
seg_27f532,8.875830917002999
seg_27ff17,4.770336313925188
seg_280863,3.0091513411721604
seg_280e3b,4.770564459286358
seg_284223,5.820465365715706
seg_284923,8.997052941507299
seg_287e60,2.707424859793949
seg_287fef,2.8705941276631064
seg_288001,3.801899062994028
seg_2883ec,7.7537754161081685
seg_289d99,2.317647707155075
seg_28fc32,6.6749166877818995
seg_29022f,3.3303745928193775
seg_2916e3,7.9299551042175285
seg_293dbf,3.442878641150358
seg_293dc2,2.8054261464824615
seg_29475f,3.979027491433648
seg_295b1c,8.647537471794049
seg_2977cd,4.843866308832117
seg_29a073,5.099681783893055
seg_29acb7,3.7215855712352326
seg_29c772,6.093795517929062
seg_29c906,4.057149824428848
seg_29d497,5.288271940536873
seg_29d4c6,9.27962458572637
seg_29e799,5.029970931173367
seg_2a0ace,8.891832812049973
seg_2a0afc,5.150091044379715
seg_2a0dc0,7.781806783633546
seg_2a2f1e,6.015943558962539
seg_2a4551,7.356502199903559
seg_2a6343,7.588464452996609
seg_2a8351,2.3867389186979957
seg_2aa101,3.3434294317018423
seg_2abd33,4.5817911816857855
seg_2b2cb3,7.000384383612153
seg_2b372b,3.7551557564756815
seg_2b4959,5.833784894429672
seg_2b6d52,7.635561790825182
seg_2ba79a,2.3746591121357157
seg_2bcbde,8.894642364479504
seg_2be983,9.280085349679528
seg_2bf5be,8.721966191711132
seg_2bf9dd,7.44977120134627
seg_2c3203,2.5380628593688517
seg_2c5e9f,6.170251091738487
seg_2c6011,4.158743869183967
seg_2c69e4,8.442682218253042
seg_2c762c,5.790944926876313
seg_2cac57,9.334628823591787
seg_2cadc0,7.204463557433498
seg_2cdbe3,2.888062749396187
seg_2d3828,5.695837520011009
seg_2d402d,2.6736383575422957
seg_2d427f,2.098884917923654
seg_2d5544,3.9661038278338037
seg_2d7cc4,3.2357669094566153
seg_2d92f0,8.661529185629673
seg_2db7dc,5.744602449635853
seg_2dc6ff,2.4355219198340974
seg_2dccec,3.9051955278090724
seg_2dcd3a,3.124407837698225
seg_2dcd84,8.437283530252428
seg_2dfb91,3.0208001099813044
seg_2e2372,6.216816229921098
seg_2e50fb,3.4257048011997844
seg_2e64af,3.6542589012003277
seg_2e71dd,2.252886577708728
seg_2e88dd,5.908447400204697
seg_2e917f,5.507170772401608
seg_2e9a47,6.035775284151399
seg_2ea616,4.305152819598668
seg_2eccb9,2.7711213928678498
seg_2ece02,3.8104941117605367
seg_2ed79b,4.50961509218003
seg_2eddf6,8.161563406563129
seg_2ee95c,8.864628335244676
seg_2efd5c,7.815423622498609
seg_2f1664,7.998152955387061
seg_2f4f14,4.367300504230891
seg_2f5695,3.508638859506385
seg_2f60db,7.7968504055024255
seg_2f86cd,1.7814627377533212
seg_2f8e19,6.862098642674439
seg_2f8f6d,8.26689020246977
seg_2f9336,6.135037581778821
seg_2f9581,3.0669899530762375
seg_2fb672,8.912248640800403
seg_2fe382,4.60828846930551
seg_301c1e,6.264506233290266
seg_30207d,9.066978112485556
seg_304581,4.6930555785420855
seg_304b87,4.733881444917424
seg_304df5,8.052923350655613
seg_30501b,9.008807863503216
seg_3065ba,5.14374235752338
seg_30661b,4.181069180828943
seg_306756,7.986567378189151
seg_30ad2a,2.0195487852291905
seg_30b043,3.5991941849891154
seg_30da11,3.0850603762536806
seg_30fd84,8.764090315774887
seg_310230,3.7286409096158235
seg_31064b,2.503266570108488
seg_311499,2.9407328426384205
seg_311b5e,2.6588381979958564
seg_3128e6,4.892070479109371
seg_3151ff,5.386676931696726
seg_31631c,6.321171755184389
seg_316f86,4.431733602673838
seg_318135,2.439499409996436
seg_31a51f,2.5885971736699065
seg_31a6cd,3.5723299715774606
seg_31b808,6.830380700616797
seg_31c0f4,9.457690682483014
seg_31d763,5.174751399988077
seg_31d7bf,2.5825950805916453
seg_31d810,6.416665651757206
seg_31ddc5,7.928970669228746
seg_3234ca,3.451286986199874
seg_324447,7.010875667209085
seg_324537,4.868662877485175
seg_325790,3.5524449370408275
seg_326eb7,4.288597556233334
seg_327ed4,2.748015659335574
seg_32906d,2.5085531416931635
seg_32ad0f,8.638488684394543
seg_32c904,7.897388601145344
seg_32d747,4.725192908782869
seg_32e763,3.115407171514004
seg_32f3a9,5.721871723133525
seg_32f6df,4.507579982612143
seg_32f72d,6.129256969197311
seg_32fc4e,8.961797276843537
seg_330579,3.5912400147830548
seg_3319b5,7.577584656619352
seg_331f2b,9.024042497175987
seg_3340b9,4.820631942303866
seg_335170,2.422189624261494
seg_337b8c,3.238753067949359
seg_339f80,6.531664496877299
seg_33c30d,3.1702046916844044
seg_342ce6,8.060020145797184
seg_343571,8.08568978841333
seg_3452b2,4.09423257171153
seg_34a2b8,5.156977660543844
seg_34a8f7,8.800979911870057
seg_34abd2,2.592991561779408
seg_34ef79,5.15103966075583
seg_3506d6,3.3553857329613255
seg_35269b,8.789766724560417
seg_355717,3.0798637538053337
seg_355d19,8.072321620088706
seg_35a2d7,9.194952154881726
seg_35b009,3.0359032758192988
seg_35b753,5.729182552320402
seg_35ba8f,8.386289963373383
seg_35c587,4.165600040120273
seg_35dd45,8.927241944276474
seg_35ee83,3.679046547152105
seg_36147d,2.6748281717250744
seg_361f5a,9.247544356002686
seg_3631ec,3.620699809171124
seg_3661de,8.818594112657506
seg_369570,5.126144665747769
seg_36b77f,8.75774306506566
seg_36e32d,9.185878146535936
seg_3706be,7.478752019921833
seg_373a04,6.002931688155534
seg_373ba6,3.5179715469595547
seg_37608b,4.903586447247872
seg_3761d0,2.6867226323573723
seg_37669c,3.5608731390243564
seg_376908,2.516641727397597
seg_377134,3.626606397240657
seg_3788c5,8.656421203418063
seg_37bf85,2.7650027290141352
seg_37f3fb,2.7367589432655524
seg_38001b,2.1384873852047765
seg_383b6b,4.080093311986877
seg_383f2e,7.501737609479042
seg_3865bc,3.6932538774807044
seg_3878d0,3.183603540624739
seg_389906,8.15699203031958
seg_38ad16,9.036665497246359
seg_38ee24,5.702134492873512
seg_392019,5.931985925165869
seg_39300d,2.4562383517300255
seg_395e0e,8.357819887004048
seg_397983,7.17232622537568
seg_397dc9,8.157434216063345
seg_398a25,4.616438678931035
seg_39a886,5.58285275274457
seg_39ad50,2.0000093157802707
seg_3a1600,4.14733289474287
seg_3a22ac,4.214690155486612
seg_3a80c5,6.368943022340698
seg_3a8a76,2.5688905247651355
seg_3aca44,2.4862266413488063
seg_3adb1a,4.990706695069065
seg_3ae4d9,3.1017394307516097
seg_3af649,6.376580116307978
seg_3b2013,2.2338182192520657
seg_3b30fd,9.016305043659418
seg_3b4414,3.191713728483
seg_3b7175,4.699802126692606
seg_3b7724,9.595885742821764
seg_3b95d2,9.036213198307234
seg_3b95dc,3.444918171854221
seg_3ba485,8.723518653114946
seg_3bb90a,3.84289473577128
seg_3bc9ed,6.025279779939091
seg_3bd97e,8.677455022459721
seg_3bf9ac,2.179115994887681
seg_3bfcf6,4.634227589890587
seg_3c3ddf,3.7118812291637346
seg_3c4106,3.3163383380319726
seg_3c64fb,6.264388008644453
seg_3c8545,3.4658731357312553
seg_3cba49,6.684277942796902
seg_3cbccf,3.7710881905095652
seg_3ce740,8.462450714153842
seg_3cfb73,8.287577759474809
seg_3d059a,3.1420139961225253
seg_3d06cc,6.089873420916902
seg_3d19fc,3.360113960362755
seg_3d1cb3,5.352355475394234
seg_3d1f2e,5.112075232001009
seg_3d581c,2.4830600221201045
seg_3d6aac,7.666671450390711
seg_3d6e79,6.492831904384177
seg_3d9aa0,4.31915505699919
seg_3db0a8,3.157523822113636
seg_3e00cd,9.024658521059083
seg_3e55d5,3.2172535762621046
seg_3e87b4,2.265015287382639
seg_3ec967,4.127751189466761
seg_3edf51,3.5645971725201404
seg_3f2086,8.49676864562855
seg_3f3689,3.3993182027090185
seg_3f3983,6.612388683268475
seg_3f5be6,4.092578609481163
seg_3f80ef,4.41135621066806
seg_3f99c8,2.3612777017685667
seg_3fb24b,4.719775284552739
seg_3fc7ca,8.152196311939974
seg_3fdae0,6.472406453745859
seg_407b2b,6.238681092627718
seg_40b3aa,2.0765106280715266
seg_40f810,4.72850459953861
seg_411225,3.0580041189209055
seg_414d0f,5.709908745689506
seg_4185b3,5.153136380643139
seg_419531,8.810798059000064
seg_419b2a,7.898372298776979
seg_41a267,8.951274238003993
seg_41aadc,5.528946516030717
seg_41ab7e,7.28092006740634
seg_41be18,7.913259601171849
seg_41be7d,6.304142178196158
seg_41f45e,7.320432276928407
seg_420bcc,5.706845018972271
seg_420d4e,6.880541977766729
seg_421a96,6.123420230469665
seg_421da1,7.144423440925995
seg_423ebe,4.375713025707403
seg_425462,3.5655891869771694
seg_42648c,3.0409690595730012
seg_4280d9,8.875193603206093
seg_428d66,3.344548900609176
seg_42c4c9,4.88323584183187
seg_42e7e8,5.4112730873768395
seg_42ff14,7.797287536850202
seg_430e66,6.039762066946272
seg_43383f,5.220744416685651
seg_434c96,2.235400144302083
seg_43597f,3.698093171058327
seg_43c6f4,7.766676920722612
seg_440106,8.269666946737248
seg_4401d8,7.653095123347754
seg_441c6d,8.34903702615547
seg_4435bd,2.8536068262930168
seg_447972,3.372508867296023
seg_447b8b,8.523012225345708
seg_447cb3,8.889131796432325
seg_44d3ca,3.2149330965539864
seg_455b16,3.5205042980473658
seg_456149,8.564275372751437
seg_457234,8.696942651497025
seg_45838b,6.917263457190051
seg_4587bb,7.565103988392247
seg_45a8a9,3.190254378773095
seg_45b051,2.3409197656772056
seg_45e062,9.223699386426677
seg_45e4ed,3.4521113622396533
seg_45e7ad,3.226672591875059
seg_46012e,8.13669908983201
seg_460436,8.50619126302738
seg_461ab5,2.9225298506256094
seg_461b63,4.325145618885006
seg_462c1d,6.354737569314298
seg_464839,5.735722516628307
seg_468bc9,9.134715019232724
seg_468fdb,4.563893789347298
seg_46a42b,3.044611893967994
seg_46b84d,6.6744736963015185
seg_46c6d3,8.731019265797597
seg_46dd7c,2.986099069121781
seg_4729a7,3.799101249718582
seg_4743ab,8.42137337982979
seg_4743fa,9.405040008378682
seg_476700,3.639844318767178
seg_476bdb,3.0867815201867055
seg_477c83,4.320616401474373
seg_478327,7.087252520181411
seg_47a48f,9.083294407735764
seg_47d374,3.8330515103299936
seg_47fed6,7.087047710850507
seg_482745,4.0598597221807555
seg_4848e3,4.361155165814435
seg_484901,3.743757127812431
seg_486973,3.6501517917906305
seg_48a4b3,7.231759612005119
seg_48a80c,2.39311217256141
seg_48b545,7.127333583495036
seg_48feba,4.003988706806866
seg_490092,8.699830365155572
seg_490d6e,5.680999992020466
seg_492dc6,3.5939771407308334
seg_49322d,6.295120184096771
seg_49336f,3.2303573537487815
seg_495573,8.646726085478116
seg_496d07,3.4703436833315866
seg_496dad,2.5875448963834717
seg_49b0cb,9.044680853263198
seg_49d84b,6.117932158381044
seg_49fdf0,8.346191288956417
seg_4a2525,8.191555729579825
seg_4a6096,2.408049718616308
seg_4a719c,5.1449292545524035
seg_4a91a9,3.091538366111841
seg_4a9e6b,6.417275577934264
seg_4a9e8d,7.789745959196374
seg_4ab7bf,8.69720963323844
seg_4abc29,2.6274158727166155
seg_4acc4b,2.96148854064812
seg_4ad5a2,7.3259212371137385
seg_4ad674,4.407835978884231
seg_4adeda,8.652615233764559
seg_4ae37c,7.685229956280027
seg_4ae712,8.747498579678345
seg_4b0839,2.510355805337148
seg_4b4c91,7.723070490924503
seg_4b4ffb,3.116144942052278
seg_4b8044,4.6034567135468745
seg_4b953a,2.733168390761838
seg_4ba3d1,8.241585654830867
seg_4c067a,5.120057885485526
seg_4c12b2,2.505655806964883
seg_4c18e2,2.6802559676644058
seg_4c3a2b,7.366402626826256
seg_4c4995,5.638255357655195
seg_4c65e6,8.421361865465983
seg_4c8db6,7.875084528780277
seg_4ca6de,6.617229418427781
seg_4cb0d7,5.210971333102019
seg_4cb9c6,3.7071274188697467
seg_4ce234,6.08403805706969
seg_4d0008,4.543024568414002
seg_4d0041,7.147336713135751
seg_4d0c45,6.63520222595704
seg_4d18f4,2.247822084067436
seg_4d2671,6.3649472417574415
seg_4d53c2,8.976953740107309
seg_4d5a4a,3.1849448858037563
seg_4d7c56,3.724754915475066
seg_4d8f0f,3.853449911923494
seg_4db886,7.866632119975882
seg_4db997,2.953197703008449
seg_4dbbd1,7.457105126134676
seg_4ddddc,6.431194814673781
seg_4dfa03,2.734834865428092
seg_4e0c4a,8.761135174451056
seg_4e2c66,2.082616980477742
seg_4e3bd7,2.185157483461666
seg_4e627b,3.8083498499661093
seg_4e9646,6.721022630347597
seg_4ea3fa,5.66199946596955
seg_4ea81c,2.922919236983195
seg_4eb127,2.5494192628394234
seg_4eeaef,2.7775704580002074
seg_4eef28,7.365322697150368
seg_4f48b4,2.0949926159138275
seg_4f5931,8.742814484675579
seg_4f76a2,3.6271102326447235
seg_4f83a3,8.908788948519007
seg_4fa87d,8.226765017646708
seg_4fce5b,2.9492064295332603
seg_4fd191,3.162247567374271
seg_500108,5.32653292356187
seg_5009d9,3.255434642799067
seg_500c80,6.831622667079883
seg_502fab,8.185921830649526
seg_507065,4.703284887969412
seg_5090fa,6.480394576492255
seg_509d55,3.947339017430632
seg_50a667,2.9269810476969518
seg_50b048,5.7745129157504484
seg_50e270,6.302191004636649
seg_511d25,6.978639836816732
seg_512b3e,8.347142965602202
seg_514543,3.8045019529631543
seg_5147e1,4.350583315941257
seg_514b85,9.324329484917216
seg_5165a4,7.835255878502349
seg_517345,5.750205391080236
seg_517425,2.3879988139142987
seg_51865e,3.502316765713344
seg_518b1e,2.6025375815494827
seg_51b68c,9.27685944846452
seg_51f0a2,4.061829606733662
seg_51f6fd,6.486653665838757
seg_521a88,7.102612815403465
seg_523945,2.495630301246682
seg_524b39,6.122136605415471
seg_5254ce,9.066922097812617
seg_5255c0,6.942126547423691
seg_52636c,3.1797279805749405
seg_529be4,5.207010027929617
seg_529c99,3.593901225509662
seg_52c139,9.267435203486096
seg_530a02,9.132125552641645
seg_53103b,3.4114420389766544
seg_5311d1,2.7767408175346895
seg_533613,7.806450903857609
seg_53498a,3.3921107263930095
seg_53a557,3.70477633147977
seg_53a5fd,6.226217771416715
seg_53bdf5,7.340340371585983
seg_53caf1,7.1535747856434115
seg_53d818,3.3955527549084916
seg_53e645,5.607508267655603
seg_53fa13,3.1902029525112474
seg_5407b0,2.787856670845676
seg_5445bc,3.527112286756429
seg_54490e,6.646428855615747
seg_545fda,7.666073621792826
seg_5467c8,8.150126149355964
seg_546864,9.013252473735045
seg_5470ca,4.385918063760077
seg_5495ca,2.458308329616239
seg_54af0d,2.345698786531902
seg_54b0ee,6.60598491397964
seg_54d0f3,2.613800878653827
seg_55239a,2.820971107777103
seg_552b8e,8.835601875935742
seg_5559d9,2.3386344784310062
seg_555f63,2.4850788708843323
seg_5597ed,3.709051467634595
seg_55a0c3,4.535033731473592
seg_55a9a4,7.862375188569154
seg_55b566,2.2983145542506653
seg_55d50b,3.2190019031507897
seg_561cf4,2.0654355766836794
seg_563059,7.3265208233175745
seg_5639b3,6.296644961314015
seg_566efe,8.906305147239785
seg_56e3e7,9.51163658825207
seg_56e6f1,4.643052227828822
seg_56ebc7,3.0882790147680033
seg_570a20,4.0721756507620555
seg_570d69,8.726916043291382
seg_572172,5.865585547219086
seg_5759c9,6.310087156479118
seg_5765b6,7.9971553615042295
seg_578e84,8.69327029271761
seg_57908c,3.3725759943647775
seg_57b6c0,4.96323594704868
seg_57dd68,8.717018855937166
seg_57ea44,2.3863485115223195
seg_580b65,6.997157990934519
seg_581fac,2.242584297298913
seg_585872,8.105903172724664
seg_586726,4.1799962868686995
seg_586c0f,3.513599236823142
seg_5887a8,8.325353290970043
seg_588f61,2.9754525383713317
seg_58d52d,8.665682617847235
seg_58e74b,2.3736788925907835
seg_58e9f9,8.12359861912226
seg_58ea74,8.403493782997431
seg_59058a,2.10886866062945
seg_590fa5,5.520450265654744
seg_591954,8.627515605803255
seg_5924f5,4.676287658742729
seg_592807,7.68632071148922
seg_593c34,3.33304743098027
seg_5965d8,3.219137301680679
seg_596ae3,6.724105442073119
seg_5975f4,3.062702951653204
seg_597bd6,6.366984138848939
seg_59818b,6.83988117843229
seg_59cd7d,2.6817786183064367
seg_59cfdb,8.67161475618484
seg_59d484,4.8751934015059
seg_59de0b,2.263874779946345
seg_59e1db,7.153482311503476
seg_59eb97,5.728165662575615
seg_5a0479,5.561369617825405
seg_5a1adb,4.385641978011164
seg_5a242e,6.77816629102042
seg_5a67b5,7.248321460952113
seg_5a947e,3.767235011447959
seg_5abfdd,4.40574791896743
seg_5ad847,3.5909949013259967
seg_5b392b,2.500485820209654
seg_5b7325,4.508287243680245
seg_5b8c39,3.17371106804799
seg_5bc0b0,7.939441496082431
seg_5bd9ae,5.1057145748736845
seg_5bdb47,2.815520953419596
seg_5bfbf0,3.760998819330616
seg_5c0929,3.0169208122021054
seg_5c1a4d,2.9937059051460566
seg_5c530f,2.9463609057508884
seg_5c57a8,2.3479054762860705
seg_5c8ae5,4.353629261464997
seg_5c9077,7.031221817747088
seg_5cd98b,3.4194622360514804
seg_5cde88,2.316436568493175
seg_5cfba9,8.01810942100221
seg_5cfdc4,5.22273193124031
seg_5d333e,8.009161766153051
seg_5d45db,6.327782924778822
seg_5d92af,6.961508145757393
seg_5d94b2,3.688955093265554
seg_5e020f,4.979371240355432
seg_5e0902,2.847698897781821
seg_5e1bba,5.519445160532989
seg_5e541f,2.396590046790644
seg_5e635a,2.8828603622754425
seg_5e668a,8.797775748599035
seg_5e70a7,7.588532053378688
seg_5e7abf,3.35630198545426
seg_5e8ef4,7.291352343166812
seg_5eb380,2.9724218483932154
seg_5ec0e3,7.9328316032282515
seg_5ed47e,8.577641456907111
seg_5ef47e,6.09064480662656
seg_5f0a92,4.5974695705483075
seg_5f24d3,8.145631411319185
seg_5f352e,2.879423583754705
seg_5f355e,7.373143364027551
seg_5f46a5,8.935942654627263
seg_5f7fd9,5.015303103603601
seg_5fe414,2.9787558187955367
seg_60277f,3.7005404554026944
seg_6074f9,4.379541464792102
seg_607559,7.081956601217027
seg_60ab20,9.230323202605648
seg_60b696,5.379095665771524
seg_60dacd,9.267829297895643
seg_60df2a,5.602528688571232
seg_610379,4.640126401311951
seg_61219c,4.350906537804159
seg_613702,4.059489896373693
seg_614b50,2.134748823649926
seg_6153ca,8.386937562113522
seg_6167f0,5.080718221553031
seg_616c8b,8.764652198001075
seg_61b50d,3.126688379471198
seg_61f504,2.7060730903017607
seg_620ee4,5.024898231528036
seg_622e9d,2.5006334674757853
seg_62331a,3.634616244755834
seg_6262c4,7.350532209165716
seg_629822,3.307870952626613
seg_62a403,8.542880271048217
seg_62c582,2.9730293974825623
seg_63130f,9.616521062546019
seg_633651,4.8589299139854285
seg_634180,3.5060795017225943
seg_634f05,2.6165969076299005
seg_635770,8.614721356258517
seg_63582a,8.867740315810511
seg_63c13d,5.272494699717488
seg_63c518,2.430456259893214
seg_63c8e4,8.760161073078931
seg_63c983,2.8824450632876095
seg_63c9a3,4.441248923446188
seg_63d651,4.12993242911878
seg_6422d1,6.792556550427639
seg_643d1f,5.651279316661134
seg_643f86,8.138694951505451
seg_64bcb9,8.946479585686768
seg_64be5d,9.037844719471606
seg_64be91,8.878583792379613
seg_64daae,2.5797514453735326
seg_64dcf0,5.845721131948339
seg_64f8dc,4.527924132263496
seg_650de2,3.2290801226351724
seg_651808,2.470226512071205
seg_652cc2,3.930999170904052
seg_655780,2.891415582283301
seg_655ad6,7.335726048559349
seg_655cae,2.871427843146296
seg_658bf4,2.1153458369149667
seg_659ff8,3.9000983106103146
seg_65b962,4.37953333530684
seg_65c4e1,7.2280001104512985
seg_65ef95,3.3188676618310136
seg_65f01e,8.723241719407927
seg_65fbac,7.924658517222945
seg_660fe1,2.8772388829141264
seg_660fef,5.948881934378917
seg_661629,2.9469609327094113
seg_666056,3.4528124320246816
seg_6681ee,2.0401362452408898
seg_66820a,4.017666364054435
seg_6696d0,3.8888060164306304
seg_66b7c3,6.546886266558486
seg_66e45a,6.540710758731403
seg_66ed4d,2.234208839684837
seg_670bde,2.786782962713486
seg_67330f,4.991645792280016
seg_673c60,3.073709493296771
seg_67599b,6.075541780350064
seg_679dd2,8.243025469689554
seg_67aa76,5.387450093337503
seg_68102c,9.349636158985343
seg_683ddf,4.113037514710883
seg_686edc,6.998881586934398
seg_687a5c,2.472319324094647
seg_68a484,7.984406433772081
seg_68da94,3.526213523781464
seg_691a72,5.813053131674831
seg_692e7a,7.762245165459611
seg_6951e0,3.646693008615025
seg_695380,2.9113315391290144
seg_696621,4.037307913646204
seg_6968c8,3.6584814856412975
seg_69787a,6.778224275603619
seg_69a230,4.259017656279198
seg_69a53e,7.079603327737778
seg_69dbad,5.5310425815319775
seg_6a05e7,3.509940932233791
seg_6a116b,4.78030063329702
seg_6a26de,2.4575596314459047
seg_6a45a0,3.7313682298780906
seg_6a4ad1,8.586297334585407
seg_6ab188,6.302143346740041
seg_6ac67a,3.096544493406918
seg_6ac82a,3.141800759377752
seg_6ae32d,3.5220386632217298
seg_6b0107,6.451729993953621
seg_6b2ce0,5.6617473338064945
seg_6b3a9d,3.1113124678740203
seg_6b4e04,8.507955547432248
seg_6b536d,5.2812734958733145
seg_6b9511,6.396531916149861
seg_6b9d02,3.2795190781057784
seg_6be48e,3.1364249090260565
seg_6c292b,5.81214262317073
seg_6c309f,3.3626232524923774
seg_6c34c2,2.8331260915336465
seg_6c8a45,5.468808343085234
seg_6c909f,2.7730573909282112
seg_6cfb76,3.9411558337398653
seg_6d01a3,8.496186759645346
seg_6d35cd,2.5633567366541317
seg_6d36a1,9.053356772226433
seg_6d4109,8.389558912064953
seg_6d4fa6,4.199264427552114
seg_6d6fad,3.8638155955201396
seg_6da1ff,5.830057074813133
seg_6dac5d,9.298947642538677
seg_6dd0fc,4.184661511737782
seg_6de4fd,8.047471903705812
seg_6de935,8.823782025617632
seg_6df48e,8.559038426236526
seg_6dfab7,3.5756686480731696
seg_6e12ae,4.484022968039742
seg_6e12ee,3.074555226963804
seg_6e1ee7,7.2775343458287605
seg_6e572a,3.3994200718004364
seg_6e5a38,2.5938872337447925
seg_6e7f73,8.672666809560816
seg_6e98aa,4.443130532602928
seg_6eb146,8.858960178747811
seg_6ed49a,8.172696143565581
seg_6edcb8,6.059623566309982
seg_6eedcc,6.992633812455546
seg_6f17de,2.508315329656297
seg_6f2222,3.128776348791512
seg_6f3d90,6.809227123104713
seg_6f60b2,3.595151448216216
seg_6f650f,8.984880264900443
seg_6f9a98,6.572279493123106
seg_6fb17f,5.327164838002426
seg_6fc3ef,8.31420040132722
seg_6fc8b3,7.6380834739348895
seg_6fd5bb,7.1915390909352235
seg_7012af,8.766946986731906
seg_7020c5,6.947002129754232
seg_702e03,3.0733613707895056
seg_703cea,8.303004521583468
seg_705463,4.434767175829961
seg_708349,8.47261304797608
seg_70991d,5.057775628294021
seg_709b6a,8.576243810406796
seg_709d08,5.934010900302745
seg_70a60e,6.803395021706086
seg_70b375,6.2256130646579715
seg_70be4d,8.787334729182199
seg_70e891,4.329155620483248
seg_70edf5,6.389054113655723
seg_70fb30,8.704646647969533
seg_7120ac,5.0255469466575295
seg_71238c,8.663115069326437
seg_71348a,2.365436101208313
seg_715e2c,6.771490717566493
seg_715ff6,7.9946301906532735
seg_7189ca,6.407035085249608
seg_718b53,2.579679307176172
seg_71936f,3.607376773779322
seg_71b4e0,4.357257242347603
seg_71b975,3.1844622308099892
seg_71c9e9,3.2088680608576414
seg_71f571,4.019234940472223
seg_7211f1,6.259704184326855
seg_724df9,1.674472542659616
seg_725772,7.401768458337861
seg_725e84,2.5349795493046643
seg_727fc7,3.6365489442789145
seg_72858d,3.1062805665254323
seg_72859b,4.046696443423764
seg_72aba8,4.926156280761808
seg_72b68c,9.247926304438652
seg_72c307,6.325940611438264
seg_72ebda,6.014292539078306
seg_72f40a,6.900242824863168
seg_730ebe,3.3845854508799276
seg_734a88,8.506772191271326
seg_73565e,3.5533507291375206
seg_735cdd,3.896780079074735
seg_73858d,8.8693300234625
seg_738be6,3.570447094735294
seg_739643,6.194258784157011
seg_739679,2.550364957084511
seg_739856,9.435606654610979
seg_739fb0,2.5793330179561136
seg_73ab4a,3.0609317745338345
seg_73b0f7,7.405862846016396
seg_740837,3.693229466904319
seg_741fc1,7.867328154335765
seg_74235f,4.846064690691892
seg_7428e7,6.649429896385438
seg_743775,7.209733167259963
seg_74537f,6.227146921825503
seg_746d1d,4.374177675571574
seg_7480f4,7.558562393954227
seg_74b264,3.502356843593952
seg_74b3bd,5.903855888690142
seg_74ce61,8.522377879821622
seg_74d58a,8.811377925596943
seg_74d8cc,5.861556954149156
seg_74dda9,6.8459030515324395
seg_74f330,3.0101456541126335
seg_74fcfc,8.883297065268614
seg_74ffde,5.665034777015237
seg_750244,6.790488950734923
seg_750c93,2.5461853155653027
seg_750d20,5.686746520161031
seg_750e7e,8.077367904000962
seg_75211e,5.373085094899484
seg_753190,8.38182175548482
seg_753ba6,2.6837377251995456
seg_7540f3,5.767159541386382
seg_75438e,5.664479338251856
seg_755d50,2.9822021449141567
seg_75654d,3.238026225698002
seg_758374,2.136161146047411
seg_758ca4,2.9969157830298556
seg_759fb1,5.854255748633384
seg_75a878,4.516685397835737
seg_75c34b,3.4250979355729494
seg_75cd6a,3.9527315115468946
seg_75dc3e,4.4945211068356175
seg_75e669,2.400798229489285
seg_75e93c,2.713720383350396
seg_75eb90,7.481899427090937
seg_75ffc9,5.851545888223239
seg_760d70,3.9308024229168654
seg_76106f,8.758868704128265
seg_762188,9.454808938101266
seg_762be4,3.3940588201407333
seg_7630c5,9.183354781441922
seg_766e42,3.0972514932453135
seg_76b76f,9.43137839391097
seg_76c2fa,3.6309242060884537
seg_76d16c,6.182980496890788
seg_76e914,4.201754004303263
seg_76f1af,3.267886569214553
seg_76f3f2,8.18956244242931
seg_76f76d,6.053435290049798
seg_774ad2,4.396221820637579
seg_77bf79,2.7484150947218002
seg_77c546,2.424073682775646
seg_77db7b,8.73293362760096
seg_77dbe7,3.806220459434563
seg_77df38,8.01551704938311
seg_77e7bf,3.4763228904992287
seg_77ea14,3.8786314560280952
seg_77f9e3,2.4886777450256057
seg_77fe77,5.769068121292433
seg_7848f8,1.5792787114051863
seg_7862ed,3.54383346644778
seg_786ff6,6.79548084764825
seg_78852d,5.908041874372988
seg_78addc,7.601961804443849
seg_78d817,5.093650824280013
seg_78db0a,8.103954195637929
seg_78ded2,2.516464425692984
seg_78fc4b,7.127626908549572
seg_790108,7.0910939170414835
seg_7949da,2.703504737559168
seg_79c47a,3.7210013666432613
seg_79dc90,6.762416100726022
seg_79e301,3.0778751115496896
seg_7a09ec,5.7522259881494335
seg_7a521c,3.635316936386388
seg_7a5243,4.390506596243862
seg_7a9228,3.038302606947731
seg_7a9f2b,1.6285776255923414
seg_7aeca4,6.681954097754026
seg_7b0936,8.838340264335459
seg_7b2994,3.173640759312853
seg_7b3017,8.752645827374502
seg_7b5f90,6.924457691991581
seg_7bb771,3.879361582390005
seg_7bec10,9.239750773905671
seg_7bf143,2.6967113161032867
seg_7c0376,2.096230224860341
seg_7c10c1,3.177203455419133
seg_7c2beb,7.9308381797312775
seg_7c2c48,2.6196416075786084
seg_7c6c31,8.292405454915032
seg_7c88d1,2.3642742260057603
seg_7c9433,5.984917255839947
seg_7cb417,4.116469766626184
seg_7cbb45,3.817993161456985
seg_7cd6b1,3.7797344042039485
seg_7cdfe5,2.9922290387309287
seg_7ce9cb,4.532817436975467
seg_7cef95,7.805065977135969
seg_7d17eb,8.494206777402523
seg_7d2535,2.5417035731514552
seg_7d2e57,6.933293581435676
seg_7d65c7,8.466298517404457
seg_7d718e,8.589471742904067
seg_7d88e3,8.974840662569918
seg_7d994f,2.9718278186580713
seg_7ddc30,8.855017686181549
seg_7df3dd,5.893576878650492
seg_7e3b3e,3.1897150070875493
seg_7e9eb7,9.114621939119948
seg_7eb108,9.448340229078596
seg_7ebdc3,3.6817395163897735
seg_7ed2dd,2.739768649468202
seg_7ef97b,2.8751506075939535
seg_7efdd5,7.306593194853704
seg_7f3ab0,5.208572399109332
seg_7f5b6f,8.92589846385781
seg_7f786b,4.709314909325017
seg_7f93b2,3.0697211591144113
seg_7f9b3a,6.6330932427280365
seg_7fa6ec,1.4694669858322795
seg_7fac26,8.892325932810943
seg_7fd3a3,3.650955012495566
seg_7fd6b7,9.113218259183986
seg_80211c,8.258676004166306
seg_804fb5,6.858726798421401
seg_80622d,7.779290322506335
seg_807901,2.8877858938525707
seg_80b9b4,7.516269232308456
seg_80fb86,5.954432250757701
seg_812962,4.592895496217139
seg_812a50,5.67956801295472
seg_813aab,2.693314612109783
seg_814b1f,2.2265395088863458
seg_816b7a,2.584449155603206
seg_818382,5.661460830552579
seg_81a8ea,9.215043335443493
seg_81bebd,7.915572802194176
seg_81c1a6,8.793122036166691
seg_81c432,3.8649123832538366
seg_81f798,2.995689353488501
seg_8200d2,3.30480789434583
seg_82303e,3.8268588918892124
seg_82316b,3.0506667870876307
seg_8244bf,4.62325395011383
seg_82456a,2.136180227357608
seg_826208,5.110456183604095
seg_827804,4.323726145077589
seg_827a21,4.158142596890278
seg_827c07,3.3390988828030834
seg_82c138,6.157011634087765
seg_82ce27,3.2151287283587164
seg_82d7b6,4.073383407918233
seg_830cff,4.4096903065063
seg_8310ea,8.123136292515316
seg_8324a4,6.346400607723058
seg_8328f5,5.721749878080313
seg_832a4d,3.8611129033659997
seg_8344ee,3.6784574643986145
seg_8353f5,8.35940289612001
seg_836aac,3.195260334123277
seg_836ef0,2.599985348568179
seg_83bef8,5.129883197339968
seg_83cb2c,3.3517115998128415
seg_83dc2e,8.879611248119936
seg_83ef67,8.661989495270298
seg_83f476,4.354137630804687
seg_83f89e,6.990462010089771
seg_83f928,8.29444116258302
seg_8456d3,3.1508813521297205
seg_845a2a,9.038219041499895
seg_8472f3,8.988553492501325
seg_848695,2.937461642484249
seg_84a65d,8.984766733125735
seg_84b9d9,4.108037258383917
seg_84c7fb,5.190513640878937
seg_84fc12,8.674494719707539
seg_8509db,5.595789097861746
seg_850d95,3.066256649493695
seg_8515fd,4.871547740606044
seg_853302,7.571936264192679
seg_854d91,8.744180905140404
seg_857304,3.1876589428076967
seg_85762d,6.164710492807644
seg_8599ec,2.9277078891705774
seg_85c1c0,3.301774858879343
seg_85e90e,7.424955820664152
seg_85e9c6,7.557230691467243
seg_85fb0a,2.282925112545627
seg_864fcf,3.2479085027260264
seg_8658b3,7.762889125134831
seg_86720f,7.18938887902324
seg_8681aa,7.356568715097869
seg_86892f,2.784257045452629
seg_868c85,6.8637778863708085
seg_86cfe9,8.89535858387161
seg_86d847,8.378364411115006
seg_86e874,2.4807636587632627
seg_87232d,5.556137765409396
seg_876904,7.105363261937373
seg_8773cf,2.611945352455937
seg_8777bd,8.789052034991709
seg_8785e2,5.538452237029804
seg_878d2c,8.698789716223992
seg_87a616,2.6751047521938855
seg_87a67a,4.892367285784691
seg_87e4e8,2.1882266543612485
seg_87f6c8,7.4446685226185245
seg_8826f4,2.8706441222384513
seg_885f53,7.629838007815426
seg_8866f0,2.1907962383658317
seg_88a81d,3.4451305549374664
seg_88b289,8.760369458731194
seg_890181,7.066861245211261
seg_89791c,3.558076875347384
seg_89885a,4.457505856397479
seg_899bf0,3.7794772101629213
seg_89b090,2.2840785359352522
seg_89d8a0,3.994475663994798
seg_89e207,5.250694964149941
seg_89eed6,3.0415390108209888
seg_89f975,2.6736787485704303
seg_8a3306,3.813503583370619
seg_8a41bf,3.3220669599487107
seg_8a6b0e,3.1202137326309063
seg_8a7201,3.420216425492847
seg_8a8220,6.399144149392861
seg_8a8375,7.1117396111465405
seg_8ab3a7,1.9832115733309674
seg_8ae847,5.408831899939853
seg_8aeb99,8.809883490795402
seg_8b39c4,7.718140426645546
seg_8b798b,9.374258544478648
seg_8baeab,4.183034731164838
seg_8bc20c,2.1669178863341427
seg_8bde47,8.67860722639538
seg_8be2da,6.171171623275393
seg_8be76c,1.9942915556961105
seg_8bec6f,6.101753925069881
seg_8bf229,6.002272874880326
seg_8c0114,3.35287359113686
seg_8c1760,8.195991614735476
seg_8c1cca,3.6489573992778848
seg_8c1e7d,2.4338502996295714
seg_8c341c,7.56570808766375
seg_8c6d4e,3.2239680212848656
seg_8c6e34,2.720485691857121
seg_8cd159,2.904920715289605
seg_8cdf83,4.243396051155925
seg_8ce632,3.1975018164541105
seg_8cf573,5.367784505545299
seg_8d030a,5.473926275595877
seg_8d135f,7.79803969292148
seg_8d3a9d,6.1499041415589515
seg_8d4435,3.799695506731911
seg_8d4965,5.692608614692842
seg_8d5113,5.956776221659841
seg_8d6578,3.1505281417876847
seg_8d6a7d,3.3491795764495023
seg_8da61a,6.383415483242399
seg_8db6f0,6.649855685088419
seg_8dcf3c,8.658833697907985
seg_8dd2ab,2.9969279825049906
seg_8dd3ba,4.824783722820839
seg_8dfc7e,2.473057554010689
seg_8dfd7a,2.1142175744712524
seg_8e5704,7.595728991083322
seg_8e6a3f,7.637966008358226
seg_8e7194,4.78626106035878
seg_8e7fca,5.026184621751431
seg_8ebdea,8.738050881849796
seg_8f1127,2.065470500031408
seg_8f25b0,8.803053405820574
seg_8f3247,7.680749321743937
seg_8f3dfe,5.741481000637946
seg_8f4654,5.691838119643707
seg_8f4781,2.991121839590779
seg_8f5589,6.065379718837567
seg_8f592b,9.14420445506569
seg_8f6284,3.484170042120554
seg_8fb0d0,5.212587500391812
seg_8fb29e,8.275993210467316
seg_8fb828,8.759259475759475
seg_8fc754,7.178571517899834
seg_8fd465,2.9986872567976803
seg_902074,7.488156518005733
seg_902bc1,7.19673218495531
seg_903aba,8.76594338482509
seg_907c52,4.741964283678322
seg_90a0be,2.433828535534151
seg_90b174,2.6821881728044565
seg_90bf60,8.067453396108446
seg_90c258,8.974031552416646
seg_90e904,2.5482131728614243
seg_90ec68,8.87712090133857
seg_90ef18,8.937057198993807
seg_911066,3.4867992688372875
seg_9122aa,3.3090265105546584
seg_913ffc,6.169223157678218
seg_914a62,3.0965650535758718
seg_91596c,8.058943541749883
seg_915b3e,3.5268324931086443
seg_91607c,3.3613997751002422
seg_919a6a,2.430585788405446
seg_919c5c,3.299077130802892
seg_91bf8c,2.777711057879293
seg_91cff2,2.658588707914011
seg_91eaeb,6.038581220935517
seg_91f512,3.114349859869057
seg_91f664,3.3310701296267
seg_91fc29,4.630209607923611
seg_920132,7.86894132538443
seg_92092a,5.3530748006940705
seg_922914,5.125798016884585
seg_922990,4.67292871323852
seg_92310f,5.164505035378238
seg_929ded,5.455297740735646
seg_92a5f1,5.932013791627531
seg_92af10,7.373362872379399
seg_92b095,2.3708420842094533
seg_92bd37,5.040644254186761
seg_92be9f,4.8804935675076155
seg_931244,8.34403558971272
seg_93211c,7.577079638611943
seg_932828,8.629287367024425
seg_934087,3.193322088532038
seg_939f5c,7.192643843374286
seg_93d864,5.6342204296777965
seg_93f935,3.3928391691257334
seg_941759,6.787621035681336
seg_943de0,9.075741447625845
seg_944c98,2.5448296565762627
seg_945bc8,3.5337313659457625
seg_946d71,9.386500522770628
seg_946d9a,4.095209093924469
seg_947700,4.662111782416209
seg_9485c0,4.126071544570142
seg_94a133,5.025897389515501
seg_94aa0a,6.492144545059146
seg_94c48c,8.375196882465612
seg_94d150,3.299027813204974
seg_94d573,8.174300770324109
seg_94ecad,8.073609917600384
seg_950048,5.382343394397697
seg_952faa,3.5348701355868855
seg_95357d,4.312820991743469
seg_95644e,5.704673682450696
seg_957ece,2.534343519026928
seg_95b321,2.87679226026313
seg_95f45e,7.169471062846089
seg_961d02,2.7303611378051853
seg_961ddf,3.2935385840426457
seg_9626a4,2.5045339139883387
seg_96642e,4.153558518189131
seg_966f3d,3.0350028467577
seg_967ae4,7.412255087207202
seg_96cd5d,3.3762109577466584
seg_96dab2,7.943546240905637
seg_96db5e,4.946427726995293
seg_96fa35,3.9301640723146267
seg_970b35,3.797842690470453
seg_970e86,8.638152527943435
seg_974049,3.7869963533139903
seg_9757ac,8.125030127692394
seg_979a8f,2.7240262687675414
seg_97a161,5.595233190348083
seg_97ad82,7.330523288445989
seg_97d9ed,8.34394114793
seg_97e4a9,8.131297894722486
seg_9802c3,5.42640657175934
seg_9825e0,6.01900307701633
seg_983778,8.584264491468202
seg_986976,5.8412745363232865
seg_986b6e,9.461040712977098
seg_9872f9,4.378802817392728
seg_988e69,2.3304315937260607
seg_98a819,6.272232508634206
seg_98be13,6.500401460205499
seg_98c0b6,3.4089107054342436
seg_98c44d,3.5293662049976415
seg_98c544,3.6492762121932945
seg_98ebaa,8.504017566367109
seg_98f624,8.157304793418733
seg_9940e8,8.88982697817487
seg_996c37,9.311619748216653
seg_99ccbd,2.9426069105901016
seg_99f677,5.281389135494581
seg_99f76c,4.563821349122746
seg_9a1a4f,5.251603280967063
seg_9a1c76,4.3492789638787555
seg_9a43ef,7.818057703124545
seg_9a6025,5.819652053623798
seg_9a74d8,6.525216195551067
seg_9a7c46,5.906220409752245
seg_9a7d1d,2.396873618107425
seg_9a812d,4.174908644340395
seg_9a81a3,6.532958194082656
seg_9a8a1f,2.4680719143848933
seg_9a9041,6.0548643561841615
seg_9a92db,4.282834662729761
seg_9aa6e2,2.3876650144115774
seg_9ab405,2.448473959114189
seg_9ad261,4.401589138828596
seg_9ad925,8.290972380297678
seg_9ae1a1,8.933911572008668
seg_9b0439,6.045187768448399
seg_9b44d2,9.03004547908422
seg_9b7ef8,9.488853258713334
seg_9b7f93,4.541884871647735
seg_9bab11,8.85920183310711
seg_9bd388,6.00461093383714
seg_9bee43,3.1205532188058482
seg_9c00d7,9.107000518375918
seg_9c090f,2.384387098380183
seg_9c2843,2.2617558900455585
seg_9c3d6a,8.281132142005427
seg_9c3ef8,7.553555649566657
seg_9c635d,8.192990428278907
seg_9c6715,2.5012045246131547
seg_9c8162,5.842437211101478
seg_9c8bc8,4.510967677452558
seg_9ca72e,2.9882741219211155
seg_9caf50,7.998932931540093
seg_9cb464,4.189560352878512
seg_9d1b26,5.305810322538505
seg_9d1dbe,8.668535258833744
seg_9d2528,5.318732015300841
seg_9d3013,7.423586295762134
seg_9d452d,4.673865368512627
seg_9d57a1,8.051076503346046
seg_9d68cf,3.4532217622593087
seg_9d6ff0,3.4692925819524736
seg_9d7490,4.609974793400175
seg_9d79d4,3.934740988035143
seg_9dcae1,6.545993155487209
seg_9ddc99,6.795457219956841
seg_9dea8d,7.342478732505476
seg_9df32d,3.469423297150406
seg_9e25e9,4.308983322576947
seg_9e3837,3.12226339273652
seg_9e61da,2.6038125142494866
seg_9e7dff,3.3817102455653085
seg_9e8323,2.742361536300198
seg_9e8ca4,8.678310673992064
seg_9e962b,5.737893794815913
seg_9ee0aa,7.1819722067938425
seg_9f042e,7.0775556769735015
seg_9f12c6,4.553365788433104
seg_9f22a0,7.559663392683598
seg_9f4fd4,8.29174556260733
seg_9f57c4,7.450210615529172
seg_9f6315,4.168564561030298
seg_9f7542,8.360305552021858
seg_9fc7c2,2.7066506043770238
seg_9fd9b8,5.393327215480441
seg_9fe8b9,5.726058759083553
seg_a00985,4.973802833718414
seg_a009e6,6.056769020426714
seg_a03e6a,2.9355815373896115
seg_a05c22,2.689774192475003
seg_a06228,6.818912934019915
seg_a0646a,2.72167265791464
seg_a0979e,7.679179828973332
seg_a0a423,2.4790950553779596
seg_a11dd5,2.8380680492158046
seg_a12acb,3.2443618114647332
seg_a133bc,4.881134255801864
seg_a14212,4.749430228598401
seg_a16a1b,2.872297502589202
seg_a173d8,3.9506008485250566
seg_a18246,7.524486177546738
seg_a1a511,2.546077061154935
seg_a1acb2,5.013004503748738
seg_a1b3cc,4.560683907345624
seg_a1d8da,6.308898759432559
seg_a1e5b0,7.500158419070895
seg_a1edc1,3.139923012033193
seg_a247ac,9.077521384825587
seg_a25c46,3.246112785272656
seg_a2986f,7.096121244438953
seg_a2c108,9.2089742521123
seg_a2d47d,4.738062771681301
seg_a2e2c8,4.006623449724082
seg_a2fd8b,3.623603762926391
seg_a31d6e,7.554773509946309
seg_a31fe3,7.422134513647873
seg_a35c82,7.1206062794003975
seg_a35e7c,9.297098561676316
seg_a39ebc,2.9619998090812785
seg_a39f3b,6.834409858065208
seg_a39fa8,8.919298196494134
seg_a3ab46,4.410140141673585
seg_a3d4d6,2.6896480109629963
seg_a41c2c,6.0306793441485365
seg_a4208a,4.498287597557855
seg_a420d4,3.462638891869993
seg_a436bc,8.538584031983406
seg_a437cb,2.8028892660628597
seg_a45455,4.43256958301599
seg_a47cce,8.342735509561983
seg_a489e1,6.421715989547046
seg_a49ccc,3.995814331427685
seg_a4ad7c,9.202492585943029
seg_a4e745,7.8069936482858004
seg_a50d28,8.899610072621043
seg_a5271e,3.123867614007853
seg_a53e4c,5.700983636650519
seg_a543e5,8.148038642645291
seg_a55540,8.72728120210067
seg_a55a17,3.8475358869057517
seg_a56c04,4.501442759834869
seg_a58a6e,2.701196761641401
seg_a5934a,8.900387618985128
seg_a5d37f,3.156231919362566
seg_a5dea6,8.882589039435391
seg_a5f4dd,4.8614969665803764
seg_a5fbcc,4.050932686308405
seg_a61e1c,4.664238301397796
seg_a63573,5.0675704439479885
seg_a674d2,8.221266057878209
seg_a68007,2.9273665833313105
seg_a68ffb,7.070772137321359
seg_a69246,8.996594157857556
seg_a6959c,8.122073174573366
seg_a6bf91,5.738245462789725
seg_a6c5cc,2.8823132540030003
seg_a6cd86,4.737132821904607
seg_a6e801,2.269078719503026
seg_a6e99c,2.8594981964781456
seg_a6eed3,3.1241886898113878
seg_a704ee,6.320556907780982
seg_a7561c,2.3905435961826274
seg_a7b454,3.1927272279271612
seg_a7d0eb,5.1329968951025595
seg_a7e49b,5.5072326525043085
seg_a80123,3.76909130755998
seg_a802fa,8.782468882533292
seg_a80f6f,6.514360698497807
seg_a82229,8.36578932801471
seg_a84c13,3.4078472696472946
seg_a86231,4.598720158213188
seg_a8685e,6.887917045981482
seg_a86a05,6.2377190591633145
seg_a87e79,2.395148603838082
seg_a88097,9.59462928184779
seg_a88dde,7.13318936735686
seg_a8bb2f,4.469347099245393
seg_a8ddf7,2.937816076469496
seg_a8e6df,5.380878867178008
seg_a8e71a,3.102671366139777
seg_a9089b,2.0939175158948125
seg_a91c03,7.0551999616456325
seg_a93a88,7.787489659589699
seg_a96b47,3.590732263137159
seg_a975df,3.1411607719218377
seg_a99161,2.7980803575171462
seg_a99799,2.9525132332698942
seg_a99be9,8.98402865898626
seg_a9a820,2.7620530772264984
seg_a9b957,4.750286848481306
seg_a9f80e,7.154121705426863
seg_aa0180,3.1349447212700703
seg_aa1adf,3.8317429004443513
seg_aa508a,2.632995307861206
seg_aa78e0,6.335630424223406
seg_aa7a4b,6.547124480776135
seg_aa98cc,1.4908254261288665
seg_aa9b8e,6.386305839009152
seg_aaa2ae,3.170918773527055
seg_aabc52,8.297104066266394
seg_aae025,7.674522530328434
seg_ab001b,3.9355427496770017
seg_ab15ad,7.108111781424133
seg_ab2a78,2.7739509122369466
seg_ab3f14,7.492954026733456
seg_ab4bca,2.615278429261275
seg_ab644e,5.300536570209878
seg_ab70bd,7.0166635973656435
seg_ab9654,9.743251404349017
seg_aba501,3.5427124933254084
seg_abaad2,8.498307010255505
seg_abb03a,5.125339588234687
seg_abb06a,6.301727896621437
seg_abc5fd,7.396457316919492
seg_abda04,7.086308083952884
seg_abeca6,9.129630996175274
seg_ac45ae,6.955103786872786
seg_ac5c61,8.695935251058616
seg_ac68bb,2.5134310507310187
seg_ac9de5,2.819936970064813
seg_acd715,9.34734438429642
seg_acf2f4,7.670593638290674
seg_ad3a44,2.7873700579117098
seg_ad3cf0,2.929033504446859
seg_ad591c,6.77816629102042
seg_ad759c,2.6232736119019986
seg_ad82ca,6.1506841942467005
seg_ad949a,3.7645632170096666
seg_ada42c,3.6358592028797014
seg_ada81a,9.289384275075859
seg_ade769,6.365904224289539
seg_adf94a,2.050372831043949
seg_adf986,6.263608573256465
seg_ae32a6,5.834305412403558
seg_ae3388,7.939815032565801
seg_ae3d92,4.02041199293597
seg_ae42b3,9.50961630160456
seg_ae9626,2.3243097844239395
seg_ae9761,8.671475223130939
seg_aec276,9.25358900773752
seg_aed434,6.656672979588812
seg_aee7c0,8.333791697090112
seg_aee9bf,3.4087726285492606
seg_aeeb31,2.3158523391671273
seg_af1650,3.0666619628598015
seg_af2472,2.8419472633289207
seg_af6204,4.570342249554112
seg_af703b,8.996755150141018
seg_af959f,8.005131592691976
seg_afa4a1,7.980477564320553
seg_afadfb,6.577995413215923
seg_afca81,3.1679778960546017
seg_afd665,4.756106553588279
seg_b00f05,7.5343342355762735
seg_b02e31,8.236775092825303
seg_b03de5,8.667789905343954
seg_b08e9d,9.325624436540963
seg_b0a794,2.9873724571769973
seg_b0bf65,3.0798040799536355
seg_b0cf32,8.930960998711251
seg_b0d251,6.93283135142524
seg_b0f9cd,6.596209580449915
seg_b108c9,3.999611964056743
seg_b13220,2.8954952965687166
seg_b13fb9,6.178488307825669
seg_b197e2,4.425192032203884
seg_b1a35c,8.181169256521896
seg_b1b95e,3.605457979817964
seg_b1fea8,2.9186585439228954
seg_b20487,9.218851724042974
seg_b21273,5.720597731104534
seg_b23489,3.9239725374387264
seg_b253ee,3.9422019251498144
seg_b25dde,2.0128320289435546
seg_b26368,3.959155658331716
seg_b284b2,3.6947916256745033
seg_b291c0,3.8367948218463295
seg_b2b29d,7.788494265491578
seg_b2b331,3.8247580621299466
seg_b2e045,4.0497143833040505
seg_b31961,4.247159143141102
seg_b32d1d,3.2732024824971964
seg_b35174,1.512164993290787
seg_b36650,3.8173771189647088
seg_b36c8a,3.0906660772774988
seg_b378bc,2.662644414494093
seg_b3883e,6.114491124897918
seg_b3cf21,4.324849822893345
seg_b3d886,3.283060886019444
seg_b402ac,6.540420762221966
seg_b41d3c,3.760552337912057
seg_b42170,2.7545676920445596
seg_b4402d,9.136970756390875
seg_b44c2e,8.529080291672647
seg_b47c19,6.114435175171297
seg_b4c040,3.859500150271865
seg_b4cb44,8.874791669035831
seg_b4f7a8,4.937961729594386
seg_b50239,2.474065342283424
seg_b51380,9.003099639649381
seg_b51b7c,5.142668941401916
seg_b52710,4.385656483837521
seg_b52add,8.906430614080719
seg_b52dac,4.187183932107884
seg_b54024,2.7571827807426414
seg_b568c6,7.237437210279835
seg_b57e76,6.292111745259449
seg_b5804a,3.1513305798679165
seg_b58542,4.339986500828473
seg_b5a447,7.629255518304517
seg_b5aee9,5.911583701903434
seg_b6254c,3.0003362320543574
seg_b63de1,2.632724095830443
seg_b64c9c,7.71709188719056
seg_b66b87,2.829422096024692
seg_b686e5,1.7690177443229773
seg_b687fc,3.4373374831798613
seg_b691c5,2.5427810392543213
seg_b69455,8.777715566883531
seg_b695b3,3.4446524687137696
seg_b6bdaa,6.891763375724359
seg_b6c10d,6.802517555531212
seg_b6cb2b,3.100680868602873
seg_b72413,7.870333663870438
seg_b735a5,7.424126785925373
seg_b77bf5,9.008259745348566
seg_b782c7,7.434336800505468
seg_b78883,9.122262128687936
seg_b7a8a1,5.511089913716113
seg_b7b098,3.6397955141471856
seg_b7da0a,3.253231734324367
seg_b7eeb6,5.866150253124484
seg_b80358,8.346618586139419
seg_b80366,7.539155689967536
seg_b80b89,5.359121871225513
seg_b8141c,2.9968463879582914
seg_b853c1,8.191231574213441
seg_b853f8,6.35340018906433
seg_b86ce1,4.434123086039286
seg_b8725b,2.6348272811985565
seg_b8745c,8.235025353142287
seg_b87cf5,8.598262118110375
seg_b88baa,7.324418533994288
seg_b89218,9.332576585108589
seg_b89e47,2.6022082253626033
seg_b8b72f,4.179343548273619
seg_b8bb87,9.001204493554045
seg_b8fd73,9.066964735358894
seg_b91011,5.689609561271356
seg_b917b5,6.381011728991877
seg_b91ae2,4.0209567361056795
seg_b9361a,4.1509085874490435
seg_b9365c,2.522391846561357
seg_b947ae,3.8988913010849546
seg_b95010,2.9994344053737674
seg_b95a77,8.343262825115026
seg_b9619c,5.464442046512177
seg_b9ad7f,4.933999286668888
seg_b9bdd7,4.432428256863435
seg_b9d8a0,6.088273074581646
seg_b9de03,4.1284527802316315
seg_b9ec4b,3.655679666902678
seg_ba0485,8.226948917691542
seg_ba1d68,3.0222793367560956
seg_ba2c48,4.3265042882564595
seg_ba3c47,2.53107195507535
seg_ba3e74,3.1384097384420953
seg_ba4ea3,8.874431720353936
seg_ba5e7e,3.6462651611822676
seg_ba83da,5.490660108163146
seg_ba941e,7.091895114809579
seg_ba98dc,2.912678820007314
seg_ba9dbf,3.0556372538729737
seg_baa745,6.426274815883283
seg_bb171f,7.576725756912912
seg_bb180c,4.301292892902309
seg_bb2d77,3.044179001520426
seg_bb5e15,3.123167707237085
seg_bb6904,2.5575844650635915
seg_bb6fcb,5.638185211807743
seg_bb92b1,5.808160051196475
seg_bbb01e,6.680979584449406
seg_bbbc30,3.8304723732031247
seg_bbf805,4.68730013722412
seg_bbfd4e,9.158509529982139
seg_bc07c8,2.0311240317636696
seg_bc1d67,6.968037497794298
seg_bc2186,7.060080158870853
seg_bc437b,9.034079962304581
seg_bca500,5.4125032096425345
seg_bcc8f1,6.146892207506731
seg_bce23c,5.949138815149474
seg_bce305,4.416609467536352
seg_bcf2d9,5.129449573256841
seg_bcf6af,6.287580348611157
seg_bcfad6,4.722734443524719
seg_bd00c4,5.8312109850933185
seg_bd2b0c,4.506823647174584
seg_bd31bf,5.847856949487223
seg_bd40f2,8.226560127034528
seg_bd4d30,5.314594366929704
seg_bd5022,2.375307981075703
seg_bd629b,4.573539074534371
seg_bd6f5f,8.379432674186486
seg_bd7109,4.954807144891019
seg_bdae02,9.36134375108747
seg_bdf84b,4.805230255986453
seg_be0cdc,2.5143604848108008
seg_be0dfa,7.829317547327385
seg_be19e2,7.486124115724674
seg_be30ce,4.650118475674132
seg_be4612,7.924016737127682
seg_be62ef,6.529112203492105
seg_be65f2,2.6848488697449837
seg_be811d,2.981535814689781
seg_beb650,6.782963389819051
seg_beda44,6.470094899622169
seg_bee792,5.51149360604823
seg_bf1294,2.2265059566046252
seg_bf1430,5.506785056259127
seg_bf1a72,4.334172504078047
seg_bf2d1f,8.457031739572958
seg_bf4bf2,2.0652911196394945
seg_bf4ec0,6.6396038203955285
seg_bf58ce,7.212513103561084
seg_bf7224,2.792361448898564
seg_bfdd14,2.0421826892277033
seg_bfe0b6,9.048720179305995
seg_bff05e,8.333765961530226
seg_bff392,2.540618040301367
seg_c01a57,2.512773011536434
seg_c01d9a,9.256864050927431
seg_c01f63,7.806976918333399
seg_c0260d,6.863277611150355
seg_c047b7,4.730727922146068
seg_c05a7d,8.804991387636111
seg_c07b7c,4.005118569245614
seg_c08d36,4.974978634703311
seg_c09a41,3.962270886333624
seg_c0c0ed,5.946138826986272
seg_c0d7da,3.387123944450782
seg_c0e1b9,3.9605109226986954
seg_c0ea9f,5.3449829074087285
seg_c106ca,3.7372818587039633
seg_c10a58,7.90824655767625
seg_c11828,2.5201764308402734
seg_c11a4f,2.7235591228426004
seg_c12d7d,9.222656662497354
seg_c146a8,5.49645642630713
seg_c15d21,7.828922436921147
seg_c17817,2.4779985091956633
seg_c179f8,6.27934717213672
seg_c183e4,4.452352388074721
seg_c186dc,3.403796483318419
seg_c18d5a,4.403973059406877
seg_c1fe9a,2.286748537236126
seg_c20a27,4.900609992106308
seg_c20c06,2.350825622749117
seg_c21723,4.0754125426363235
seg_c21d60,5.316200848692441
seg_c22bd4,8.6664864902755
seg_c23429,4.36738072549968
seg_c23641,4.0123759463077535
seg_c243a6,2.1767125002910133
seg_c24946,4.060538108696459
seg_c25855,9.026889006354304
seg_c267a5,3.858830480775058
seg_c26fb4,2.8115181292447553
seg_c27591,3.237103059550734
seg_c2a0c8,4.7888936277154235
seg_c2b8f7,4.451558074820133
seg_c3507f,5.511089913716113
seg_c35940,2.8857006343220304
seg_c365de,2.2338519771892167
seg_c3836b,3.946759378153466
seg_c3f672,8.005246762844704
seg_c3f8d7,3.7398178677597653
seg_c41d1d,4.031140425365202
seg_c42490,3.6898628382302436
seg_c42952,5.551417093044044
seg_c44bbc,2.871311086416855
seg_c46ce6,2.615392544888634
seg_c472cf,7.728001852329002
seg_c47bdc,6.279799693124202
seg_c4af54,3.6272518522455517
seg_c5064e,8.01510205828523
seg_c509ff,3.721722858985639
seg_c522f8,7.518705482483022
seg_c5256d,5.804343558179194
seg_c52ae6,2.468121767769759
seg_c5325c,9.286770902026607
seg_c550b1,9.275185541379788
seg_c565bd,4.094619128724621
seg_c571ef,5.37836871831426
seg_c588c1,8.714028729568058
seg_c58ca5,6.457987429934184
seg_c5abaa,6.377639785906211
seg_c5c455,2.503147033652823
seg_c5c6ea,5.699031032340462
seg_c5dada,4.945435877940914
seg_c5dee4,2.0379909334858404
seg_c5f986,3.1194596963017207
seg_c5fc3b,8.343731181533684
seg_c5fc87,5.432871221654976
seg_c607eb,2.4765169258433093
seg_c60dca,4.172244650961809
seg_c60f1d,3.095495086661691
seg_c627fc,7.2455678628132825
seg_c62a06,3.5653467554832248
seg_c65135,2.48824976194624
seg_c654e7,5.555010446489585
seg_c666dd,5.257539060169167
seg_c671f7,6.61156122005337
seg_c6b514,2.775232369349713
seg_c6c29f,3.043587375375827
seg_c6f0a2,3.6244179819317472
seg_c6f533,3.4752063683863756
seg_c6f9c2,3.195170571374164
seg_c703be,6.305639960791074
seg_c70fde,5.961617444880201
seg_c714d0,8.797866154147199
seg_c73df6,3.7770586799259056
seg_c747ad,8.842032662172741
seg_c747b4,3.062677501407407
seg_c7a3bc,2.4100401028067653
seg_c7a401,4.357120619987782
seg_c7a579,7.077043106069372
seg_c7b424,8.225057425174878
seg_c80857,1.4042734892181254
seg_c81e10,7.981747648036452
seg_c81fec,4.908565718436696
seg_c8459f,8.399273616105019
seg_c87c24,5.324410732042218
seg_c901c0,3.6734403749103546
seg_c90be5,8.807565094388027
seg_c9201c,2.758923862670814
seg_c9481f,7.1039630801706
seg_c94941,2.2991657193127746
seg_c9831a,2.04034575348212
seg_c9e533,8.08107293643425
seg_c9f80a,3.5593819578580996
seg_ca2d1b,3.839173665659346
seg_ca407b,6.460750534025419
seg_ca44a8,3.4666568727911415
seg_ca67ee,3.3332841015225396
seg_ca6d70,3.0586946049078843
seg_ca8389,3.072959308411937
seg_ca88e3,8.35819664983574
seg_ca9e39,5.127950328920781
seg_caa919,6.174782311892073
seg_cacd0a,5.351883836380099
seg_cacd58,4.915112942745907
seg_cb0e21,8.514888558128849
seg_cb806c,4.794424023130539
seg_cbcce9,6.4114665894583025
seg_cbfb19,6.932490782807021
seg_cc096e,8.66784465601226
seg_cc2c46,5.105598371839267
seg_cc2e9b,3.870889960509019
seg_cc4199,8.543599223511919
seg_cc4932,8.663658026111683
seg_cc4950,2.363267659416829
seg_cc667b,3.604955342949283
seg_cc7a19,3.4785308120289353
seg_cc7e39,7.058081649087346
seg_ccdc28,2.577107151088919
seg_cd0691,2.3295328570953653
seg_cd2b34,5.356862836859098
seg_cd2b53,2.0609904691222938
seg_cd352f,8.77849196549838
seg_cd43b4,8.040316172843045
seg_cd699e,3.131313919418346
seg_cd9f9b,6.934827232571431
seg_cdadb5,8.720382806261465
seg_cdf88e,2.42919807537115
seg_ce00bb,5.959989372458704
seg_ce46ba,2.383795125988578
seg_ce472b,8.15558289833862
seg_ce5520,2.781590192585487
seg_ce5832,3.200601172653058
seg_ce72e2,3.7055965120776215
seg_ce7537,2.65849239405221
seg_ce9f59,2.7150093108697377
seg_cea185,5.035561167089041
seg_ceab44,7.085095982987946
seg_ceb942,2.757139027429721
seg_cec2f2,6.3380162351341855
seg_cecd29,6.2124671968100165
seg_ced992,2.3433532739460947
seg_cedf3e,7.49287680828499
seg_cee7d0,9.005287302000635
seg_cf0e43,5.3193454436192065
seg_cf1371,3.167280570545488
seg_cf25d2,4.068162058539287
seg_cf3825,3.220835522920463
seg_cf5764,7.280071889915095
seg_cf646e,6.971100756970924
seg_cf74e8,2.344968568326844
seg_cf9a49,5.078030554031536
seg_cfed24,2.8649389317657734
seg_cff594,2.3683866141071173
seg_d014a3,9.130925996305898
seg_d0598e,3.4145337100778264
seg_d062a6,8.787033894258593
seg_d07c62,2.922857651003183
seg_d07ce8,9.067758433639947
seg_d098df,8.517407994211561
seg_d0c280,2.129135155611566
seg_d0c8e2,3.115871370561296
seg_d0f262,5.5877584391021475
seg_d0f803,3.127137102754434
seg_d1045e,8.773489502528028
seg_d11ca8,8.19117779194416
seg_d14524,4.532918239779687
seg_d146a6,2.8979661950029447
seg_d16534,6.613951792091175
seg_d19980,7.948729250796941
seg_d1a281,5.339857668995793
seg_d1a2b9,2.750263516544137
seg_d1a8b3,2.674271065695577
seg_d1abaa,9.035833530089988
seg_d1b91e,6.871159204576697
seg_d1ca05,8.860748222635305
seg_d1cb37,9.308254535878184
seg_d1eee8,8.792360154334615
seg_d1fbb8,8.675481971359847
seg_d21066,4.377036177367702
seg_d21eb6,6.837396685497121
seg_d24095,8.199486957569698
seg_d247da,5.30468826868983
seg_d2551a,8.6575313291231
seg_d26f7d,9.386985445370799
seg_d27193,4.058191176965937
seg_d27812,4.35583418263207
seg_d29a4b,4.500848349564459
seg_d2a533,6.9279878430371955
seg_d2ad9a,2.5894190564598456
seg_d2cb02,6.0075569870879
seg_d2db6b,4.572486365781001
seg_d2f588,8.784787423585028
seg_d30a9d,2.386119549280677
seg_d31583,8.934902608071797
seg_d320f5,4.268471310269233
seg_d328bb,3.080083624663239
seg_d32f71,4.307674906649535
seg_d32f8a,5.5899049758511055
seg_d35274,3.4262846686501134
seg_d356ab,3.7795918775183175
seg_d35e50,6.121010604331697
seg_d36055,8.761487726765994
seg_d36342,7.2797518976555855
seg_d36681,8.306287252300919
seg_d36737,3.3233078757713663
seg_d37b05,7.413885557882336
seg_d39131,7.894627907909861
seg_d398df,5.069191764325612
seg_d3992e,8.041866943895446
seg_d3bb14,3.224606070861617
seg_d3d8fc,2.747379509777601
seg_d3f6b0,4.230701939261935
seg_d3f967,3.4505888479909195
seg_d40bb2,9.457978599474975
seg_d41daa,8.240964026884624
seg_d42c77,6.817479750045833
seg_d44589,3.8002042409162518
seg_d47aba,3.245150318403233
seg_d4c763,5.300515699829268
seg_d4dec8,6.508569189781067
seg_d4ea17,7.22114839954435
seg_d508db,5.5941179935792436
seg_d516e3,8.335439514633304
seg_d56ae2,7.663889898324689
seg_d56d32,7.813431157029777
seg_d59e4e,3.7423272430467023
seg_d5b100,3.8050909127089545
seg_d5d3a1,4.483549838203773
seg_d5dbc1,3.108225233726006
seg_d5df41,6.9312161954785845
seg_d5f344,4.8513222610641815
seg_d60d18,4.785220490961376
seg_d62e9c,2.7103925321462694
seg_d63175,7.423614059012803
seg_d661ce,3.2766190169464426
seg_d668c0,6.817255917540862
seg_d68930,8.965901827599414
seg_d693b0,8.578950673260513
seg_d6b198,4.2456105226810275
seg_d6b386,8.058460704746443
seg_d6b546,7.877816920792741
seg_d6dad6,6.1536529752315365
seg_d6ea73,2.9945396171008434
seg_d702b2,7.273493360201362
seg_d71352,9.026042760604616
seg_d740b2,8.719126588755593
seg_d753f8,2.5117197858164353
seg_d78093,3.163051046564429
seg_d78e7d,2.107291529556374
seg_d795ab,6.62841547031905
seg_d7967e,8.751487141402038
seg_d7a805,6.326190738627304
seg_d7ab50,4.33910558262305
seg_d7f015,5.706296339734033
seg_d7f53a,3.540831418752868
seg_d8014d,5.081722847553968
seg_d83890,3.083296901722873
seg_d85e2e,5.1480623950115625
seg_d86eb6,2.7923603970993214
seg_d88da7,7.881953661241499
seg_d89369,2.674486568823654
seg_d90c5f,3.092594796045742
seg_d91492,7.214644929129617
seg_d9190c,4.426781556009052
seg_d9352b,6.939596011720222
seg_d962cc,8.861365074227596
seg_d9750c,4.664250090775586
seg_d9a2bb,4.125404349701029
seg_d9b162,6.476342633391463
seg_d9bb68,5.825625806956355
seg_d9ce67,2.7406539061860298
seg_d9d0e4,4.528729608096993
seg_d9dab4,9.3353818625183
seg_da21ee,8.766578884996404
seg_da7c3b,7.592985929178465
seg_da80c4,8.656167508031194
seg_da8b88,5.263277711689263
seg_dab0f9,6.026590876372694
seg_dad4f2,6.33420915123203
seg_db3446,7.928893557471829
seg_db3a95,4.516541538410531
seg_db3fbe,9.053276238843553
seg_db4185,3.066200083230027
seg_db606c,6.156089894600517
seg_db694a,5.793388017824151
seg_db6d5f,7.411004630047584
seg_db90c0,4.197366698184156
seg_dbbb44,5.73690924739728
seg_dbc615,2.8373381215864866
seg_dbf3f2,2.179962464942658
seg_dc188b,5.686700338669145
seg_dc1cf0,8.846392071744326
seg_dc23c0,8.59265913950783
seg_dc4698,3.6613871615388134
seg_dc5e63,3.579447936653004
seg_dc6e94,3.8801777844605514
seg_dc73b8,2.919698501891065
seg_dc7e0d,2.577376869105326
seg_dca2c2,9.122661879995704
seg_dcb51d,3.504532285767752
seg_dcbe02,3.309838295618409
seg_dcd9df,2.4485624874541494
seg_dcee28,5.523241570961783
seg_dceeca,3.659161795002705
seg_dcf242,6.194522165469486
seg_dcfb4b,8.679115497548318
seg_dd0b11,3.114156314615403
seg_dd4594,4.0631636020547495
seg_dd699c,2.3265466525412375
seg_dd780d,4.416506330817582
seg_dd8805,6.657228331400693
seg_ddbadc,8.758581062416189
seg_ddc800,9.039954464306055
seg_ddd206,6.053150128408964
seg_ddddf0,3.516219566443802
seg_de225c,9.332227675474813
seg_de3237,8.32747020040927
seg_de3d5e,3.4628791153243674
seg_de4e1d,5.761315618065286
seg_de8180,2.706831333441281
seg_de98fa,2.6851603774909556
seg_de9e32,8.924470620093107
seg_df0df7,7.8201025675758284
seg_df352f,2.6301785656026566
seg_df45b0,6.48848198062328
seg_df8385,3.2361405124908917
seg_df8e0a,7.114276399302732
seg_df99d4,3.6367893199765238
seg_dff078,5.845450349131005
seg_e00465,7.744368923031695
seg_e051bc,3.874677168777118
seg_e05de2,2.707259609377123
seg_e067ab,6.643407753588717
seg_e09301,2.277004076030053
seg_e0c329,3.8137539679668104
seg_e0ce38,7.161536508545508
seg_e0cfd4,5.321337157451022
seg_e0f296,7.520586100668588
seg_e10d3b,8.351517974332543
seg_e13bd8,4.14624126293301
seg_e14149,5.8315337956288955
seg_e1468f,9.198448373057454
seg_e15cb9,5.998588457241166
seg_e197b8,5.1113474580622205
seg_e1a9e0,8.519339269046284
seg_e1daa0,6.375723902111136
seg_e1f045,5.714805413811775
seg_e1f081,7.923841791269682
seg_e20d76,4.171782849805899
seg_e217fc,4.745967329654476
seg_e2209b,4.114018234921595
seg_e24496,8.111259393101275
seg_e24f69,4.399673752732187
seg_e256bd,3.221744785794153
seg_e25aca,4.392333204175816
seg_e266f4,5.744346404521112
seg_e27c0a,3.699864691352303
seg_e29670,3.286662053777656
seg_e2b8b1,8.540303446075674
seg_e2c82c,3.7101939899696896
seg_e3005e,3.2808866173848874
seg_e30e44,2.57589825363494
seg_e30ef5,2.7030821215530336
seg_e34052,3.305667165165763
seg_e37b8e,5.264008373449743
seg_e3b1f1,6.224774470420338
seg_e3ca24,7.006877999734584
seg_e3cf1a,5.200602501216719
seg_e3d751,1.731603658554038
seg_e3dafa,9.188864930155692
seg_e3e762,7.910024846568294
seg_e40348,6.601078524072986
seg_e405fe,3.0447344342035465
seg_e40d64,8.268571114613184
seg_e41fc9,4.616639995165368
seg_e47d2b,3.0811475761955682
seg_e481c7,6.516727233699352
seg_e48c23,7.297732508015299
seg_e49750,4.960648491464646
seg_e4c15a,5.364379095915586
seg_e4f203,4.932346217640936
seg_e4f403,3.5724169325196353
seg_e50f16,9.069950295950758
seg_e52f8c,5.67776482232031
seg_e53a52,4.441653067645783
seg_e54932,7.569987691388319
seg_e5750a,8.746772903587573
seg_e59dca,7.157471819872562
seg_e5b510,3.205299702743105
seg_e5c033,6.683268857298242
seg_e5deec,3.287038012583751
seg_e5e238,2.7841418670964004
seg_e5f9ec,6.841878118902717
seg_e5fbc1,2.065470500031408
seg_e60719,8.097862501716051
seg_e6307f,7.838149472521414
seg_e64dfa,5.497263931221506
seg_e65e69,3.9514307838655047
seg_e66697,5.2007526670247675
seg_e6b236,6.517769514174159
seg_e6bd3f,3.6218117543751287
seg_e6c973,6.092404932308056
seg_e6e1df,3.7007529556313377
seg_e6e24e,7.277460887982842
seg_e71dda,5.793116002794304
seg_e72f10,6.822203382287081
seg_e742dc,8.363831009649621
seg_e76e6e,3.585803530943548
seg_e7ac12,4.431532082234848
seg_e7ced6,8.033204204590568
seg_e7d1f8,2.780740512994762
seg_e7d3e7,8.318690606987314
seg_e80726,5.182851094886839
seg_e81b50,4.155354990381693
seg_e8385f,8.926619962207809
seg_e85f55,2.1488875574431927
seg_e86e44,3.720717336188102
seg_e86ed1,9.099275377082089
seg_e86f77,2.8482155498110355
seg_e877a5,5.376396818604054
seg_e8a2c4,6.03882006820042
seg_e8a4f4,5.663873156133824
seg_e8ac98,2.4119236234175427
seg_e8ad6b,4.789466033521593
seg_e8b2b3,8.080388616388298
seg_e8bcde,3.7930140702191912
seg_e8ce6a,3.040618482405655
seg_e8d02f,4.122002742049434
seg_e90c0d,5.655370892259736
seg_e92526,3.5143260278463213
seg_e9272e,4.065765365064949
seg_e96140,3.9457914550719306
seg_e98217,3.541767031579613
seg_e9a09f,2.760052044984934
seg_e9aa44,8.429870988763945
seg_e9df42,7.683095172682669
seg_e9e65b,6.295047358199783
seg_ea0091,4.423734711535512
seg_ea05c1,8.646114156577214
seg_ea096b,8.941186195571492
seg_ea098b,8.137107393913775
seg_ea4d3a,7.914863343897958
seg_ea78c0,5.488134241395589
seg_ea8270,8.809079987722725
seg_ea9d37,3.8875061680483034
seg_ea9fa4,9.415177138583227
seg_eaa0ec,6.398420374787471
seg_eabb2c,8.744527136018524
seg_eacccf,4.037303845666973
seg_ead30e,3.2549898214904545
seg_eb0b19,8.915706090892204
seg_eb1d6e,3.119038197447662
seg_eb2e11,5.739762419819314
seg_eb32bc,2.518075257435437
seg_eb47a9,2.228134182626481
seg_eb692c,9.391618010621418
seg_eb7595,5.28573706982051
seg_eb7f91,5.555507734579906
seg_eba22d,7.957204241388694
seg_ebb79f,5.730545932706396
seg_ebd77b,9.054955040427277
seg_ebe36c,5.597804387653713
seg_ebec3e,3.0549637103428795
seg_ec0e7b,7.226159646363466
seg_ec4645,5.950950200818089
seg_ec73d5,3.402395804400271
seg_ec973c,9.333989265431738
seg_eca2eb,4.969457266714654
seg_ecaef0,6.629602965982524
seg_eccb17,2.396974585532791
seg_ecdca4,4.170689383524725
seg_ecf28d,6.339742809332427
seg_ecf81b,8.130844904119613
seg_ed07b0,4.233886889740544
seg_ed3e4c,6.215878524209837
seg_ed52ac,8.674652232606995
seg_ed7741,8.61633748942316
seg_ed7dee,5.256058636388368
seg_ed7f69,3.2885982575133914
seg_edda79,6.557832424137514
seg_edecaa,5.046019181766424
seg_ee1cfc,3.658136005205328
seg_ee2781,8.000200399030795
seg_ee4479,3.3039224722179172
seg_ee4ae5,2.585266615139303
seg_ee7224,3.0279100821315517
seg_ee87e2,2.93186832456217
seg_ee8f87,4.406967947055875
seg_eea20e,8.63210946067873
seg_eebbc2,5.246642722964328
seg_eee89d,4.277578003169858
seg_eefd4a,2.808913163676557
seg_ef24bd,4.667924144562514
seg_ef27c8,2.257826454163207
seg_ef47c4,8.064192204959864
seg_ef644a,5.725787362531439
seg_ef660a,8.196098870421386
seg_ef74dc,6.3196051507451525
seg_ef779d,4.191007994678986
seg_ef9105,8.835250671724213
seg_efb639,7.333261929686773
seg_efbf3e,5.527136489962683
seg_efc5fb,8.304739914044386
seg_efd9ec,8.507195308389502
seg_f003ca,7.637013217699752
seg_f01368,5.942628179291838
seg_f0181d,4.274794311421907
seg_f02d32,6.160919028742918
seg_f056d8,4.179470571665764
seg_f0574b,4.312082026530943
seg_f073e2,4.7921585449394595
seg_f0ce4a,3.4976237284078024
seg_f0cedb,7.573267491854635
seg_f0d278,2.673164806680228
seg_f0db55,2.295355095126635
seg_f11620,4.451292362464542
seg_f11f77,5.516603181276798
seg_f165f6,2.51567500773564
seg_f19f8e,8.418597335439863
seg_f1a771,2.9965861402800744
seg_f1b916,2.4684076619939246
seg_f1f5b9,3.738329496449827
seg_f21a22,3.4363173750372944
seg_f21bf4,5.5368836900519
seg_f22163,8.938733787411588
seg_f229bf,5.282787022918105
seg_f24292,4.408896799499004
seg_f2750c,6.437601161774693
seg_f2a20d,3.371200863597953
seg_f2ae5e,5.6406182098396735
seg_f2b0c5,2.8386805761669938
seg_f2cb5e,2.7454495177119944
seg_f2f5a3,2.2547160357733698
seg_f3063a,5.4883005917906225
seg_f30b2f,5.967207747376907
seg_f30f0c,8.214058510853581
seg_f322b1,5.931199460860277
seg_f342a3,4.15190805997506
seg_f34877,6.999118570617464
seg_f383fb,4.281565213163071
seg_f3c578,3.1968472111561845
seg_f43730,7.038195495642415
seg_f43ab6,2.0765106280715266
seg_f455bc,8.739191596116891
seg_f46cc1,2.705056623333543
seg_f48363,3.0680306673778235
seg_f48db9,3.3365879402401615
seg_f4ad4b,4.765529413282768
seg_f4d644,2.473836405769017
seg_f52cdc,9.150170418326676
seg_f5406b,4.4582306831761676
seg_f579ba,2.792718673763717
seg_f57ca1,9.316256029479776
seg_f59974,8.11244164133163
seg_f5a4ee,9.558570781891552
seg_f5a6ab,6.656385003405944
seg_f5d2dd,8.956045440556622
seg_f5e682,2.73884067797288
seg_f60872,5.942603581048161
seg_f618a8,8.172983967575123
seg_f61b0e,5.530874464707311
seg_f639cd,9.349781862734247
seg_f639ec,5.617374049054954
seg_f650cc,3.00691958142992
seg_f6659e,3.714663755580764
seg_f66db1,7.156188149148917
seg_f679c6,7.852831128247928
seg_f67ce2,2.623145835991197
seg_f6828d,2.0949926159138275
seg_f69c38,3.781670989710859
seg_f6a217,2.9595415775916294
seg_f6abc5,8.411850012563795
seg_f6b70c,7.732902373964979
seg_f6bae8,5.026121156946745
seg_f6c0cb,3.0728123675980568
seg_f6c928,6.6747378012737455
seg_f6cfd4,7.452035736268551
seg_f6d51b,2.2737824528635033
seg_f6e1ca,3.723349462394092
seg_f6e89f,7.489167082723789
seg_f6f523,2.8372404270421936
seg_f6f683,5.657090570521934
seg_f7050a,4.586641756375705
seg_f70b66,5.359632504476488
seg_f71db8,6.225418376900465
seg_f7290f,3.363170506191108
seg_f734c8,8.94129939743882
seg_f741af,3.8381913943053796
seg_f77ee5,8.964351996513747
seg_f7d792,2.2576487208316873
seg_f7de40,8.688644629303777
seg_f80e44,5.714418152477994
seg_f83d28,3.824304361493054
seg_f865be,2.710650503789036
seg_f86c41,4.607911097304354
seg_f88d4a,4.03790531931561
seg_f8db0a,2.7819963814011266
seg_f8dd7e,5.054719647605319
seg_f931de,5.010178606356248
seg_f93ce5,3.075774389984652
seg_f95fd3,7.282990377465154
seg_f96d0e,2.945810993462344
seg_f96d5a,6.4920072239538476
seg_f97274,3.163923889492
seg_f99b64,5.95108535708532
seg_f9e4f2,9.207356816807549
seg_f9eea3,5.504162871618366
seg_fa0ac7,7.111500398831014
seg_fa34c7,8.313700326328892
seg_fa488e,3.044616559309686
seg_fa4df0,4.717277489480189
seg_fa6383,6.3164380763237284
seg_fa796b,4.07942964787996
seg_fa9f00,4.481827535833888
seg_fad815,3.4414451488611086
seg_fb00b3,9.206045397153796
seg_fb11ba,5.9691996007763
seg_fb1f5c,8.950675189929463
seg_fb4c26,4.7428667464357
seg_fb74f0,7.769734927791271
seg_fb76ca,6.1150914550447135
seg_fb8af5,2.971026400140682
seg_fb9491,3.333695804612125
seg_fb9b2e,7.648953475231322
seg_fbce13,2.943854992252027
seg_fbd66b,4.726678908005099
seg_fbddb9,8.972664723217758
seg_fbe3c2,6.035801613564561
seg_fbf17a,8.814168701605384
seg_fbff25,2.5416731319671153
seg_fc407c,4.810703832203421
seg_fc57d4,2.28719286672893
seg_fc8fd6,2.5992013467851627
seg_fcb7d0,9.05592048918408
seg_fcca66,4.617312996705769
seg_fcd32e,5.5614751009870265
seg_fd19b8,8.247311209816864
seg_fd374e,5.5977532791655245
seg_fd6340,4.947346057186299
seg_fd8add,6.285601002632881
seg_fd9ac1,4.552050182618957
seg_fdba93,3.413000185672965
seg_fdc1d4,4.024072766883882
seg_fdd50e,2.6041661064940236
seg_fde767,5.737720218317545
seg_fde86d,6.813216201682932
seg_fdff11,2.139871986446176
seg_fe2aac,3.937400103869
seg_fe5945,3.235309490634726
seg_fe70c0,6.998861878338821
seg_fe73b1,8.74879117245016
seg_fe86f5,5.15278192904792
seg_fea3e2,7.531343740982512
seg_feb312,6.568520871038656
seg_fedbd1,7.901512278675523
seg_ff0f1b,3.210598892496096
seg_ff1a62,7.868192232707746
seg_ff2f2d,6.318929770429591
seg_ff4236,4.450301193790416
seg_ff7478,6.287496573006762
seg_ff79d9,3.138545800063163
seg_ffbd6a,2.0408164343567603
seg_ffe7cc,8.66811479899235
